"ID","FEMALE","ALC1","ALC2","ALC3","PEER1","PEER2","PEER3"
1,0,0.6931471824645996,0.28768211603164673,0.5108255743980408,0,0,0
2,0,0,0,0,0,0,0
3,0,0,0,0,0,0,0
4,0,0,0.5108255743980408,0.5108255743980408,1.0986123085021973,1.7917594909667969,1.3862943649291992
5,0,0.28768211603164673,0,0.8472978472709656,0,0,1.0986123085021973
6,0,0,0,0,0,0,0
7,0,0.28768211603164673,0.28768211603164673,0,0,1.0986123085021973,0
8,0,0,0,0,0,0,0
9,0,0,0.5108255743980408,0,0,1.0986123085021973,0.6931471824645996
10,0,0.5108255743980408,0.6931471824645996,1.2992830276489258,0,0.6931471824645996,0
11,0,0,0,0.28768211603164673,0,0,0
12,0,0,0,0,0,0,0
13,0,0,0,0,0,0,0
14,0,0,0,0.28768211603164673,1.7917594909667969,1.7917594909667969,1.0986123085021973
16,0,0,0.28768211603164673,0,0,0,0
17,0,0.5108255743980408,0.6931471824645996,1.0986123085021973,0,0,0
18,0,0,0.28768211603164673,0.6931471824645996,1.0986123085021973,0.6931471824645996,0.6931471824645996
19,0,0.28768211603164673,0.28768211603164673,1.2992830276489258,0,0,1.6094379425048828
20,0,0,0,0,0,0,1.0986123085021973
21,0,0.6931471824645996,0,0.28768211603164673,0,1.6094379425048828,1.6094379425048828
22,0,0,0,0,0,0,0
23,0,1.6094379425048828,1.7917594909667969,0,1.6094379425048828,1.7917594909667969,1.0986123085021973
24,0,0.8472978472709656,0.8472978472709656,0.9808292984962463,1.3862943649291992,1.7917594909667969,0
25,0,0.5108255743980408,1.5404449701309204,0,0,1.0986123085021973,0
26,0,1.2039728164672852,0.6931471824645996,0.6931471824645996,0.6931471824645996,0,1.7917594909667969
27,0,0,0.28768211603164673,0.28768211603164673,0,1.3862943649291992,1.0986123085021973
28,0,0.28768211603164673,0.5108255743980408,0.5108255743980408,1.0986123085021973,0,0
29,0,0,0.28768211603164673,0.9808292984962463,0,0.6931471824645996,0
30,0,0.6931471824645996,0.28768211603164673,0.6931471824645996,0,0,0
32,0,0.5108255743980408,0.5108255743980408,0.8472978472709656,0,1.3862943649291992,1.0986123085021973
33,0,0,0,0,0,0,0
34,0,0,0,0,0,0,0
35,0,1.2992830276489258,1.3862943649291992,1.2039728164672852,0,1.6094379425048828,1.3862943649291992
36,0,0,1.6094379425048828,0,0,0,0
37,0,0,0.9808292984962463,0,0,0,0
38,0,0,0,0,0,0,0
39,0,0,0.9808292984962463,1.6739764213562012,0,1.3862943649291992,1.7917594909667969
40,0,1.2039728164672852,0.8472978472709656,0.8472978472709656,1.0986123085021973,1.0986123085021973,1.3862943649291992
41,0,0.5108255743980408,0.8472978472709656,0,0,0,0
42,0,0,0,0.28768211603164673,0,0.6931471824645996,0.6931471824645996
43,0,0,0,0,0,0.6931471824645996,0.6931471824645996
44,0,0.6931471824645996,0.5108255743980408,0,0,0,1.0986123085021973
45,0,0.28768211603164673,0,0.28768211603164673,0,0.6931471824645996,1.0986123085021973
46,0,0,0,0,0,0,0
48,0,0.6931471824645996,0,0,1.0986123085021973,0,0
49,0,1.6094379425048828,0.8472978472709656,0.9808292984962463,0,1.0986123085021973,0
50,0,0,0.28768211603164673,0,0,0.6931471824645996,0
51,0,0.8472978472709656,0,0,0,0,0
52,0,0,0,0,0,0,0
53,0,0,0.8472978472709656,0.6931471824645996,0,0,0
54,0,0.8472978472709656,0,0,0,1.7917594909667969,0
55,0,0,0,0,0,0,0
56,0,1.2039728164672852,0.28768211603164673,0,0,1.7917594909667969,0
57,0,0,0,0,0,0,0
58,0,0,0,0,0,0,0
59,0,0,0,0,0,0,0
60,0,0.5108255743980408,0.28768211603164673,0,1.3862943649291992,0.6931471824645996,0
61,0,0,0,0,0,0,0
62,0,0,0,0,0,0,0
64,0,0,0.8472978472709656,0,0,1.0986123085021973,1.3862943649291992
65,0,0,0,0,0.6931471824645996,0,0.6931471824645996
66,0,1.6739764213562012,0,0,0,0,0
67,0,0,0,0,0.6931471824645996,0.6931471824645996,0
68,0,0.6931471824645996,0.28768211603164673,0.28768211603164673,0.6931471824645996,0,0
69,0,0,0,0,0,0,0
70,0,0,0,0,0,0,0
71,0,0,0,0,0,0,0.6931471824645996
72,0,0.8472978472709656,1.0986123085021973,0,0,0,0
73,0,0.28768211603164673,0.5108255743980408,0,0.6931471824645996,1.0986123085021973,0
74,0,0,0,0,0,0,0.6931471824645996
75,0,0,0,0,0,0,0
76,0,0,0,0,0,0,0
77,0,0.5108255743980408,0.28768211603164673,0.6931471824645996,0,0.6931471824645996,1.0986123085021973
78,0,0,0,0,0,0,0.6931471824645996
80,0,0,1.7917594909667969,0,0,1.7917594909667969,0.6931471824645996
81,0,0,1.0986123085021973,0,0,1.3862943649291992,1.0986123085021973
82,0,0.5108255743980408,0.5108255743980408,0.28768211603164673,0,1.0986123085021973,0
83,0,0,0,0,0,0,0
84,0,0,0,1.4663370847702026,0,0.6931471824645996,1.3862943649291992
85,0,0,0.28768211603164673,0,0,0,0
86,0,0,0,0,0,0,0
87,0,0,0,0,0,0,0
88,0,0,0.28768211603164673,0,0,0,0
89,0,0,0,0,0,0,0
90,0,0,0,0,0,0,0
91,0,0,0,0,0,0,0
92,0,0,0.28768211603164673,0,0,0,0
93,0,0,0,0.28768211603164673,0,0,0
94,0,0.28768211603164673,0.5108255743980408,0.6931471824645996,0,0.6931471824645996,1.0986123085021973
96,0,1.3862943649291992,1.7346010208129883,1.2039728164672852,1.6094379425048828,1.6094379425048828,1.3862943649291992
97,0,0,0,0,0,0,0
98,0,0,0.8472978472709656,0,0,0.6931471824645996,0
99,0,0,0,0,0,0,1.7917594909667969
100,0,0.28768211603164673,0,0,0,0,0
101,0,0,0,0,0,0,0
102,0,0.6931471824645996,0.5108255743980408,0.5108255743980408,0,0.6931471824645996,1.0986123085021973
103,0,0,0,0,0,0,0.6931471824645996
104,0,0,0,0,0,0,0
105,0,0.6931471824645996,0,0.28768211603164673,0,0,1.0986123085021973
106,0,0,0.28768211603164673,0,0,0.6931471824645996,0
107,0,0.9808292984962463,0,0.6931471824645996,0,0.6931471824645996,1.0986123085021973
108,0,0,0,0,1.7917594909667969,0,0
109,0,0.5108255743980408,0,0,1.0986123085021973,0,0
110,0,0,0,0,0,0,0
112,0,0,0.6931471824645996,0.8472978472709656,0.6931471824645996,1.7917594909667969,1.3862943649291992
113,0,0.9808292984962463,0,1.0986123085021973,0.6931471824645996,0,1.3862943649291992
114,0,0.28768211603164673,0,0.28768211603164673,0,0,0.6931471824645996
115,0,0.28768211603164673,0.28768211603164673,0,0,0,0
116,0,0,0,0,0.6931471824645996,0.6931471824645996,0
117,0,0,0,1.3862943649291992,0,1.3862943649291992,1.7917594909667969
118,0,0,0,0,0,0,0
119,0,1.2039728164672852,1.6739764213562012,1.7917594909667969,1.3862943649291992,1.7917594909667969,1.7917594909667969
120,0,0.28768211603164673,0.5108255743980408,0.5108255743980408,1.3862943649291992,1.0986123085021973,0.6931471824645996
121,0,1.6094379425048828,0,0.5108255743980408,1.7917594909667969,0,0
122,0,0.9808292984962463,1.6094379425048828,0,0.6931471824645996,0,0
123,0,0,0,0,0,0,0
124,0,0.28768211603164673,0.6931471824645996,0.6931471824645996,0,0.6931471824645996,0
125,0,0,0,0.28768211603164673,0,0,0
126,0,0,0,0,0,0,0
128,0,0,0,0,0,0,1.0986123085021973
129,0,0,0.5108255743980408,0,0,1.3862943649291992,0
130,0,1.2039728164672852,0.5108255743980408,0.28768211603164673,0,0.6931471824645996,0
131,0,0,0.28768211603164673,0.5108255743980408,0,0,1.0986123085021973
132,0,0,0,0,0,0,0
133,0,0,0,0,0,0,0
134,0,0,0,0,0,0,0
135,0,0,0,0,0,0,0
136,0,0,1.3862943649291992,0.28768211603164673,0,1.7917594909667969,0
137,0,0.28768211603164673,0,0,0,1.3862943649291992,0
138,0,0,0,0,0,0.6931471824645996,0
139,0,0,0,0,0,0,0
140,0,0,0,0,0,0,0
141,0,0,0.5108255743980408,0.28768211603164673,0,0.6931471824645996,1.3862943649291992
142,0,0,0,0,0,0,1.6094379425048828
144,0,0.6931471824645996,0.6931471824645996,0.5108255743980408,0,0,0.6931471824645996
145,0,0,0,0.28768211603164673,0,0.6931471824645996,0
146,0,0.5108255743980408,0,0.5108255743980408,1.7917594909667969,0.6931471824645996,0.6931471824645996
147,0,0,0,0,0,0,0
148,0,0,0,0,0,0,1.0986123085021973
149,0,0.5108255743980408,0,0.28768211603164673,0,0,0.6931471824645996
150,0,0,0,0,0,0,0
151,0,0,0.6931471824645996,0.6931471824645996,0,0,0.6931471824645996
152,0,0,0,0,0,0,0
153,0,0.9808292984962463,1.2039728164672852,0,0,0,0
154,0,0.5108255743980408,0,0,0,0,0
155,0,0.28768211603164673,0.8472978472709656,0,0,0.6931471824645996,0.6931471824645996
156,0,1.5404449701309204,1.7917594909667969,1.7917594909667969,0,1.6094379425048828,1.7917594909667969
157,0,0,0,0,0,0,0
158,0,0,0.28768211603164673,0,0,0,0
160,0,0.28768211603164673,0.5108255743980408,0,0,1.0986123085021973,0.6931471824645996
161,0,0,0,0,0,0,0
162,0,0.6931471824645996,0.9808292984962463,0,0,1.3862943649291992,0
163,0,0,0,0,0,0,0
164,0,0,0,1.0986123085021973,0,0,1.0986123085021973
165,0,0,0,0,0,0,0
166,0,1.0986123085021973,0.6931471824645996,1.0986123085021973,0,0.6931471824645996,1.3862943649291992
167,0,0,0,0,0,0,0
168,0,0,0.5108255743980408,0.5108255743980408,0,0,0
169,0,0.28768211603164673,0,0,0.6931471824645996,0,0
170,0,0.8472978472709656,0.28768211603164673,0.5108255743980408,0,0.6931471824645996,0.6931471824645996
171,0,0.28768211603164673,0,0,0,0,0
172,0,0,0,0,0,0,0
173,0,0,0,0,0,0,0
174,0,0.28768211603164673,0.28768211603164673,0,0,0,0
176,0,0,0,0,0,0,0
177,0,0,0,0.28768211603164673,0,0,0
178,0,0,0,0,0.6931471824645996,0,0
179,0,0,0,0,0,0,0
180,0,0.6931471824645996,0,1.0986123085021973,0,1.0986123085021973,1.3862943649291992
181,0,1.0986123085021973,1.6094379425048828,0,1.3862943649291992,1.7917594909667969,1.7917594909667969
182,0,0,0.6931471824645996,0.5108255743980408,0,0,0
183,0,0,0,0,0,0,0
184,0,0.8472978472709656,0.28768211603164673,0,0,0,0
185,0,0.5108255743980408,0.8472978472709656,0.28768211603164673,0,1.3862943649291992,0
186,0,0,0,0,0,0,0
187,0,0.28768211603164673,0,0,0,0,0
188,0,0.6931471824645996,0.5108255743980408,0,0,0,0
189,0,0,0,0,0,0,0
190,0,0.28768211603164673,0.28768211603164673,0.28768211603164673,0,0,0
192,0,0,0,0,0,0,0
193,0,0,0.28768211603164673,0,0,0.6931471824645996,0
194,0,0,0,0,0,0,0
195,0,0,0,0,0,0,0
196,0,0.9808292984962463,0.6931471824645996,0.5108255743980408,0.6931471824645996,0.6931471824645996,1.7917594909667969
197,0,0,0,0,0,0.6931471824645996,0.6931471824645996
198,0,0,0,0,0,0,0
199,0,0.5108255743980408,0.28768211603164673,0.6931471824645996,1.0986123085021973,0.6931471824645996,0.6931471824645996
200,0,0,0,0.28768211603164673,0,0,0
201,0,0.28768211603164673,0.5108255743980408,0.5108255743980408,0.6931471824645996,1.0986123085021973,1.3862943649291992
202,0,0,0,0,0,0,0
203,0,0.6931471824645996,1.0986123085021973,0.6931471824645996,0,0,1.0986123085021973
204,0,0.28768211603164673,0.28768211603164673,0.28768211603164673,0,0.6931471824645996,0.6931471824645996
205,0,0.9808292984962463,0.9808292984962463,0,0,1.3862943649291992,1.3862943649291992
206,0,0.28768211603164673,1.0986123085021973,0.5108255743980408,0,1.3862943649291992,0.6931471824645996
208,0,0.8472978472709656,0.5108255743980408,0.28768211603164673,0,0,0
209,0,0,0.9808292984962463,0.5108255743980408,0.6931471824645996,0,1.3862943649291992
210,0,0.5108255743980408,0.5108255743980408,0.28768211603164673,0,0,0
211,0,0,0.6931471824645996,0.5108255743980408,0,0,0
212,0,0,0,0,0,0,0
213,0,1.7917594909667969,1.6094379425048828,1.4663370847702026,0,1.7917594909667969,0
214,0,0,0.28768211603164673,0,0,0,0
215,0,0,0,0,0,0,0
216,0,0,0,0.28768211603164673,0,0.6931471824645996,1.0986123085021973
217,0,0,0,0,0,0,0
218,0,0,0.8472978472709656,0.8472978472709656,0,0.6931471824645996,1.3862943649291992
219,0,0,0,0,0,0,0
220,0,0.9808292984962463,1.4663370847702026,1.0986123085021973,0,0,0.6931471824645996
221,0,0,0.28768211603164673,0.28768211603164673,0,0,0
222,0,1.5404449701309204,1.0986123085021973,1.4663370847702026,1.0986123085021973,1.3862943649291992,1.6094379425048828
224,0,0,0,0,0,0,0
225,0,0.28768211603164673,0.5108255743980408,0.6931471824645996,0.6931471824645996,0.6931471824645996,0.6931471824645996
226,0,0.5108255743980408,0.28768211603164673,0.8472978472709656,0,0.6931471824645996,0.6931471824645996
227,0,0,0,0,0,0,0
228,0,0.5108255743980408,1.5404449701309204,0,0,1.6094379425048828,1.0986123085021973
229,0,0,0,0,0,0.6931471824645996,0
230,0,0,0,0,0,0,0
231,0,1.2992830276489258,0.9808292984962463,1.2992830276489258,1.3862943649291992,1.3862943649291992,1.6094379425048828
232,0,0,0,0,0,0,0
233,0,0,0,0,0,0,0
234,0,1.2992830276489258,1.4663370847702026,0.8472978472709656,1.7917594909667969,1.6094379425048828,1.3862943649291992
235,0,0,0,1.4663370847702026,0,1.6094379425048828,1.7917594909667969
236,0,1.2039728164672852,1.4663370847702026,1.4663370847702026,0.6931471824645996,0,1.3862943649291992
237,0,0,0,0,0,0,0
238,0,1.2992830276489258,0.5108255743980408,1.2039728164672852,1.7917594909667969,1.3862943649291992,1.6094379425048828
240,0,0,0,0,0,0,0
241,0,0.9808292984962463,0.9808292984962463,0.9808292984962463,0,1.3862943649291992,1.0986123085021973
242,0,0,0.28768211603164673,0.5108255743980408,0.6931471824645996,0.6931471824645996,0.6931471824645996
243,0,0,0,0,0,0,0
244,0,0,0,0,0,0,0
245,0,0.5108255743980408,0.5108255743980408,1.7346010208129883,0,0.6931471824645996,1.7917594909667969
246,0,0.28768211603164673,0.8472978472709656,0.5108255743980408,0,0,0.6931471824645996
247,0,0.28768211603164673,0.5108255743980408,0,0,1.0986123085021973,0
248,0,0,0,0,0,0,1.0986123085021973
249,0,0.5108255743980408,0,0.5108255743980408,1.6094379425048828,1.0986123085021973,0.6931471824645996
250,0,0.5108255743980408,1.0986123085021973,1.2992830276489258,0,1.0986123085021973,1.6094379425048828
251,0,0.6931471824645996,0.28768211603164673,1.3862943649291992,0.6931471824645996,0,1.3862943649291992
252,0,0.5108255743980408,0,0,0,0,0
253,0,0,0,0.5108255743980408,0.6931471824645996,0,1.0986123085021973
254,0,0,0,0,0,0,0
256,0,0,0,1.0986123085021973,0.6931471824645996,0.6931471824645996,0.6931471824645996
257,0,1.2992830276489258,0.6931471824645996,0.28768211603164673,1.3862943649291992,0.6931471824645996,1.3862943649291992
258,0,0,0.28768211603164673,0.5108255743980408,0.6931471824645996,0.6931471824645996,0.6931471824645996
259,0,0.5108255743980408,0.9808292984962463,1.4663370847702026,0,1.0986123085021973,1.6094379425048828
260,0,0,0.8472978472709656,0.6931471824645996,0,1.6094379425048828,1.3862943649291992
261,0,0,0.28768211603164673,0,0,0,1.6094379425048828
262,0,0,0,0,0,1.6094379425048828,0
263,0,0,0,0.28768211603164673,0,0,0
264,0,0,0,1.2992830276489258,0.6931471824645996,0,1.3862943649291992
265,0,0,0,0,0.6931471824645996,0.6931471824645996,0.6931471824645996
266,0,0.5108255743980408,0,0.6931471824645996,0,0,0
267,0,0,0,0,0,0,0
268,0,0,0,0,0,1.0986123085021973,0
269,0,0,0,0,0,0,0
270,0,0,0,0.28768211603164673,0,0,0
272,0,0.28768211603164673,0.28768211603164673,0.9808292984962463,0,0,0
273,0,0.8472978472709656,0.8472978472709656,1.3862943649291992,0,0.6931471824645996,1.3862943649291992
274,0,0.6931471824645996,0,0,0.6931471824645996,0,0
275,0,0,0.5108255743980408,0.5108255743980408,0,0.6931471824645996,0
276,0,0,0,0,0,0,0
277,0,0,0,0,0.6931471824645996,0.6931471824645996,1.0986123085021973
278,0,0,0.28768211603164673,0.28768211603164673,0,0,0
279,0,0.28768211603164673,1.2992830276489258,0.9808292984962463,0,0,1.3862943649291992
280,0,0,0.28768211603164673,0,0,0,0
281,0,0,0,1.6739764213562012,0,0,1.6094379425048828
282,0,0.28768211603164673,0.28768211603164673,0.6931471824645996,0,0,0.6931471824645996
283,0,0,0,0,0,0,0
284,0,0,0,0,0,0,0
285,0,0,0,0.6931471824645996,0.6931471824645996,0.6931471824645996,1.0986123085021973
286,0,0,0,0,0,0,0
288,0,0,0,0,0,0,0
289,0,0.28768211603164673,0,0,1.0986123085021973,0.6931471824645996,0
290,0,0,0,0,0,0,0
291,0,0.6931471824645996,0,0.6931471824645996,0.6931471824645996,0,0.6931471824645996
292,0,0.5108255743980408,1.0986123085021973,1.2992830276489258,0,0,0
293,0,0.9808292984962463,0,0.9808292984962463,1.6094379425048828,0,1.3862943649291992
294,0,0,0,0.6931471824645996,0,0,0
295,0,0,0,1.7917594909667969,0,0,0.6931471824645996
296,0,0,0,0,0,0,0
297,0,0,0,0,0,0,0
298,0,0,0,0.6931471824645996,0,0,1.0986123085021973
299,0,0,0,0,0,0,0
300,0,0.28768211603164673,0,0,0,0,0
301,0,0,1.2039728164672852,0.5108255743980408,0.6931471824645996,0.6931471824645996,0.6931471824645996
302,0,0,1.0986123085021973,0,0,0.6931471824645996,0.6931471824645996
304,0,0,0,0,0,0,0
305,0,0,0,0,0,0,0
306,0,0,0,0,0,0,0.6931471824645996
307,0,0.5108255743980408,0,0,0,0,0
308,0,0,0,0,0,0,0
309,0,0,0.5108255743980408,0.28768211603164673,0,1.0986123085021973,1.0986123085021973
310,0,0,0,0,0,0,0
311,0,0,0,0,0,0,0
312,0,0.28768211603164673,0,0,0,0,0
313,0,0,0.5108255743980408,0.5108255743980408,0,0,0
314,0,1.3862943649291992,1.0986123085021973,0.5108255743980408,0.6931471824645996,1.0986123085021973,0.6931471824645996
315,0,0.8472978472709656,1.4663370847702026,1.0986123085021973,0,0,1.0986123085021973
316,0,0,0,0,0,0,0
317,0,0,0,0,0,0,0
318,0,0.28768211603164673,0,0.28768211603164673,0.6931471824645996,0,0.6931471824645996
320,0,0,0,0,0,0,0
321,0,0.28768211603164673,0.6931471824645996,0.9808292984962463,0,0.6931471824645996,1.0986123085021973
322,0,0.6931471824645996,0.8472978472709656,0,0,0,0
323,0,0.28768211603164673,0,0,1.7917594909667969,0,1.7917594909667969
324,0,0,0.6931471824645996,0,0.6931471824645996,0,0
325,0,0.5108255743980408,0,0.8472978472709656,0.6931471824645996,0.6931471824645996,0.6931471824645996
326,0,1.0986123085021973,1.2992830276489258,0,0.6931471824645996,0,0.6931471824645996
327,0,0.5108255743980408,0,0,0.6931471824645996,0,0.6931471824645996
328,0,0,0.5108255743980408,0.9808292984962463,0,1.0986123085021973,1.7917594909667969
329,0,0,0,0,0,0,0
330,0,0,0,0,0,0,0
331,0,0,0,0.28768211603164673,0,0.6931471824645996,0.6931471824645996
332,0,0.5108255743980408,0.5108255743980408,0.8472978472709656,0,1.0986123085021973,1.0986123085021973
333,0,0.5108255743980408,0,0.28768211603164673,0,0,1.3862943649291992
334,0,0.6931471824645996,0,0.8472978472709656,1.0986123085021973,0,1.3862943649291992
336,0,0,0,0,0,0,0
337,0,0,0,0,0,0,0
338,0,0,0,0.5108255743980408,0,0,0
339,0,0,0,0,0,0,0
340,0,0.28768211603164673,0,0,0.6931471824645996,0,0
341,0,0,0,0,0,1.3862943649291992,0.6931471824645996
342,0,0,0,0,0,0,0
343,0,0.28768211603164673,0.8472978472709656,0.28768211603164673,0,1.7917594909667969,0
344,0,0,0,0,0,0,0
345,0,0,0,0,0,0,0
346,0,0,0,0,0,0,0.6931471824645996
347,0,0,0,0,0,0.6931471824645996,0
348,0,0,0,0,0,1.3862943649291992,0
349,0,0.6931471824645996,0,0,0.6931471824645996,0,1.0986123085021973
350,0,0,0,0.5108255743980408,0,0,0.6931471824645996
352,0,0.6931471824645996,0.28768211603164673,0,0.6931471824645996,1.3862943649291992,1.0986123085021973
353,0,0.6931471824645996,0.6931471824645996,0.5108255743980408,0,0,0.6931471824645996
354,0,0,0,0,0,0,0
355,0,0,0,0,0.6931471824645996,0,0
356,0,0.5108255743980408,0.6931471824645996,0.5108255743980408,0,0,0
357,0,0,0,0,0,0.6931471824645996,0
358,0,0,0,0,0.6931471824645996,1.3862943649291992,1.0986123085021973
359,0,0,0,0,0,0.6931471824645996,1.0986123085021973
360,0,0,0,0,0,0,0
361,0,0,0,0.28768211603164673,0,0,0
362,0,0.28768211603164673,0.9808292984962463,1.0986123085021973,1.0986123085021973,0,1.0986123085021973
363,0,0,0,0,1.0986123085021973,0,0
364,0,0,0.6931471824645996,0,0,0,0
365,0,0,0,0.8472978472709656,0,0,0.6931471824645996
366,0,0,0,0,0,0,0
368,0,0,0.28768211603164673,0.5108255743980408,0,0.6931471824645996,0.6931471824645996
369,0,0,0,0,0.6931471824645996,0,0
370,0,0.6931471824645996,0,0,0,0,0
371,0,0.5108255743980408,1.0986123085021973,1.6094379425048828,0,1.0986123085021973,1.0986123085021973
372,0,0.28768211603164673,0,0.9808292984962463,1.6094379425048828,1.7917594909667969,1.0986123085021973
373,0,0,0,0,0,0,0
374,0,0,0,0,0,0,0
375,0,0,0,0,0,0,0
376,0,0,0,0,0,0,0
377,0,1.3862943649291992,0.5108255743980408,0.5108255743980408,1.3862943649291992,0,1.3862943649291992
378,0,0.9808292984962463,0,0,0.6931471824645996,0,0
379,0,0,0,0,0,0,0
380,0,0,0,0,0,0,0
381,0,0.5108255743980408,0.5108255743980408,0.9808292984962463,0,0,0.6931471824645996
382,0,0,0,0.8472978472709656,0,0,0
384,0,0,0,0,0,0,0
385,0,0,0,0,0,0,0
386,0,0,0,0,0,0.6931471824645996,0
387,0,0,0.28768211603164673,0,0,0,0
388,0,0,0,0,0,0,1.0986123085021973
389,0,0.5108255743980408,0.5108255743980408,0.6931471824645996,1.0986123085021973,1.6094379425048828,1.3862943649291992
390,0,0,0,0,0,0,0
391,0,1.2992830276489258,1.0986123085021973,0.5108255743980408,1.6094379425048828,0,0
392,0,0,0.5108255743980408,0.9808292984962463,0,0,1.0986123085021973
393,0,0,0,0,0,0,0
394,0,0.6931471824645996,1.7917594909667969,1.6094379425048828,0,0,0
395,0,0,0.6931471824645996,0,0,0,0
396,0,0.6931471824645996,0.5108255743980408,0.8472978472709656,0,0,0
397,0,1.2992830276489258,1.3862943649291992,0.28768211603164673,1.7917594909667969,1.3862943649291992,0.6931471824645996
398,0,0,0.8472978472709656,0.8472978472709656,0,0,0.6931471824645996
400,0,0,0,0,0,0,0
401,0,0,0,0,1.0986123085021973,0,0
402,0,0,0,0.6931471824645996,0,0,0
403,0,0,0.6931471824645996,0.6931471824645996,0,0,1.0986123085021973
404,0,0,0,0,0,0,0
405,0,0,1.4663370847702026,0.28768211603164673,1.0986123085021973,1.7917594909667969,0.6931471824645996
406,0,0,0,0.28768211603164673,0,0,0
407,0,0,0,0,0,0,0
408,0,0.28768211603164673,0.6931471824645996,0.5108255743980408,1.3862943649291992,0.6931471824645996,1.3862943649291992
409,0,0,0,0,0,0,0.6931471824645996
410,0,0,0,0,0.6931471824645996,1.0986123085021973,0
411,0,0,0,0,0,0.6931471824645996,0.6931471824645996
412,0,0,0,0,0,0,0
413,0,0,0,0.28768211603164673,0,0,0
414,0,0,0,1.0986123085021973,0.6931471824645996,0.6931471824645996,1.6094379425048828
416,0,0.5108255743980408,0.28768211603164673,0.6931471824645996,0,0.6931471824645996,0
417,0,0.5108255743980408,0,0.5108255743980408,0,1.0986123085021973,0.6931471824645996
418,0,0,0,0.28768211603164673,0,0,0
419,0,0.6931471824645996,0,0.9808292984962463,0,0,1.0986123085021973
420,0,0,0,0.28768211603164673,0,0,1.0986123085021973
421,0,0.28768211603164673,0,0,0,0,0
422,0,0,0,0,1.0986123085021973,1.0986123085021973,0.6931471824645996
423,0,0,0,0,0,0,0
424,0,0,0,0.28768211603164673,0,0,1.0986123085021973
425,0,0,0,0.8472978472709656,0,0,0
426,0,0.6931471824645996,0.5108255743980408,0.6931471824645996,0,1.0986123085021973,1.3862943649291992
427,0,0.28768211603164673,1.7917594909667969,0,0,1.7917594909667969,0.6931471824645996
428,0,0.28768211603164673,0.28768211603164673,0.28768211603164673,0,0,0
429,0,0,0,0,0,0,0.6931471824645996
430,0,0,0,0,0,0,0
432,0,0,0.28768211603164673,0,0,0,0
433,0,0.5108255743980408,0.5108255743980408,0.28768211603164673,0,0,0
434,0,0,0,1.0986123085021973,0,1.0986123085021973,1.6094379425048828
435,0,0.28768211603164673,0.28768211603164673,0.28768211603164673,0,0,0
436,1,0.8472978472709656,0.8472978472709656,0,0,0,0
437,1,0.28768211603164673,0.28768211603164673,0.5108255743980408,0,0,1.0986123085021973
438,1,0,0.28768211603164673,0.5108255743980408,0,0.6931471824645996,0
439,1,0.28768211603164673,0.28768211603164673,0,0,0,0.6931471824645996
440,1,0,0,0,0,0,0
441,1,0.5108255743980408,1.3862943649291992,0.5108255743980408,0,0.6931471824645996,0.6931471824645996
442,1,0,0,0,0,0,0
443,1,0.28768211603164673,0,0,0,0,0
444,1,1.2992830276489258,1.0986123085021973,0.28768211603164673,1.0986123085021973,1.0986123085021973,1.0986123085021973
445,1,0,0,0.5108255743980408,0.6931471824645996,0.6931471824645996,0.6931471824645996
446,1,0,0.5108255743980408,0.5108255743980408,0.6931471824645996,1.3862943649291992,1.7917594909667969
448,1,0,0,0,0,0,0
449,1,0,0,0,0,0,0
450,1,0.8472978472709656,1.2039728164672852,1.5404449701309204,0,0.6931471824645996,1.6094379425048828
451,1,0,0,0,1.0986123085021973,0,0
452,1,0.28768211603164673,0,0,0,0,0
453,1,0,0,0.8472978472709656,0,0,0
454,1,0.28768211603164673,0.5108255743980408,0.28768211603164673,0,0.6931471824645996,0
455,1,1.0986123085021973,0.28768211603164673,0,0,0.6931471824645996,0
456,1,0,0,0,0,0.6931471824645996,0
457,1,0.28768211603164673,0.28768211603164673,0,0,0,0
458,1,0.28768211603164673,0.5108255743980408,0.5108255743980408,0.6931471824645996,1.0986123085021973,0.6931471824645996
459,1,0,0,0,0,1.0986123085021973,0
460,1,0,0,0.28768211603164673,0,0,0.6931471824645996
461,1,0,0,0,0,0,0
462,1,0,0,0,0,0,0
464,1,0,0.28768211603164673,0.28768211603164673,0,0,0
465,1,0,0,0,0,0,0
466,1,0.5108255743980408,0.6931471824645996,1.0986123085021973,0.6931471824645996,1.0986123085021973,1.3862943649291992
467,1,1.6094379425048828,0,0.6931471824645996,1.3862943649291992,1.0986123085021973,1.0986123085021973
468,1,0.28768211603164673,0.6931471824645996,0.6931471824645996,0,0,0
469,1,0,0.28768211603164673,0.28768211603164673,0,0,0
470,1,0,0,0,0,0,0
471,1,0,0,0,0,0,0
472,1,0,0,0,0,0,0
473,1,0.28768211603164673,1.2039728164672852,0.8472978472709656,0,1.6094379425048828,0.6931471824645996
474,1,0,0,0,0,0,0
475,1,0,0,0,0,0,1.0986123085021973
476,1,1.3862943649291992,1.6094379425048828,0.6931471824645996,1.7917594909667969,1.7917594909667969,0.6931471824645996
477,1,0,0.28768211603164673,0,0,0.6931471824645996,0.6931471824645996
478,1,0.28768211603164673,0,0,0,0.6931471824645996,0
480,1,0.6931471824645996,0.8472978472709656,0,0,0.6931471824645996,0
481,1,0.6931471824645996,0,0,0,0,0.6931471824645996
482,1,0.5108255743980408,0.5108255743980408,0.8472978472709656,0,1.3862943649291992,0.6931471824645996
483,1,0.6931471824645996,0.28768211603164673,0,0,0,0
484,1,0,0,0,0,0,0
485,1,0.6931471824645996,0,0,0,0,0
486,1,0,0,0.5108255743980408,0,0,0
487,1,0,0,0,0.6931471824645996,0,0
488,1,0,0.28768211603164673,0.5108255743980408,0,0,1.0986123085021973
489,1,0.28768211603164673,0,0,0,0,0
490,1,0,0,0,0,0,0
491,1,0,0,0,0,0,0
492,1,0,0,0,0,0,0
493,1,0.28768211603164673,0,0,0,0.6931471824645996,0
494,1,0,0,0,0,0,0
496,1,0,0,0,0,0,0
497,1,0,0,0,0,0,0
498,1,0.5108255743980408,0.5108255743980408,0.5108255743980408,0,0,0.6931471824645996
499,1,0,0,0,0,0,0
500,1,0.28768211603164673,0.8472978472709656,0.28768211603164673,0,0,0
501,1,0,0,0.28768211603164673,0,0,0.6931471824645996
502,1,0,1.2992830276489258,1.2039728164672852,0,1.3862943649291992,0.6931471824645996
503,1,0,0.8472978472709656,0.5108255743980408,0,0,0
504,1,0.6931471824645996,0.5108255743980408,0,0,0,0
505,1,0,0,0,0,0,0
506,1,0,0.6931471824645996,1.2992830276489258,0,0,1.6094379425048828
507,1,0,0,0,0,0,0
508,1,0,0,0,0,0,0
509,1,0.5108255743980408,0,1.6094379425048828,0,0,1.6094379425048828
510,1,0.6931471824645996,0.5108255743980408,0.6931471824645996,0,1.3862943649291992,1.0986123085021973
512,1,0,0,0.5108255743980408,0,0,0.6931471824645996
513,1,0,0,0.5108255743980408,0,0,0
514,1,0,0,0,0,0,0
515,1,0.6931471824645996,0.5108255743980408,0.28768211603164673,0,0,0
516,1,0,0.5108255743980408,0.28768211603164673,0,0.6931471824645996,0
517,1,0.8472978472709656,1.4663370847702026,1.7917594909667969,1.3862943649291992,1.6094379425048828,1.6094379425048828
518,1,0,0,0,0,0,0
519,1,0.5108255743980408,0.6931471824645996,0,0,0,0
520,1,0,0,0,0,0,0
521,1,0.28768211603164673,0,0,0,0,0
522,1,0.5108255743980408,0.5108255743980408,0.28768211603164673,0,1.3862943649291992,0.6931471824645996
523,1,0.5108255743980408,0,1.2039728164672852,0,1.3862943649291992,0
524,1,0,0,0,0,0.6931471824645996,0.6931471824645996
525,1,0,0,0,0,0.6931471824645996,0
526,1,0.28768211603164673,0.8472978472709656,1.2039728164672852,0.6931471824645996,1.6094379425048828,1.7917594909667969
528,1,0,0,0.6931471824645996,0,0,0
529,1,0,0,0,0,0,0
530,1,0,0,0,0,0,0
531,1,0,0,0,0,0,0
532,1,0.5108255743980408,0,0,0,0,0
533,1,0.5108255743980408,0,1.4663370847702026,0.6931471824645996,0,0
534,1,0.5108255743980408,0.5108255743980408,0.28768211603164673,0,0,0
535,1,0,0,0.28768211603164673,0,0,0
536,1,0,0,0,0,0,0
537,1,0.5108255743980408,0.9808292984962463,1.2992830276489258,0.6931471824645996,1.0986123085021973,1.3862943649291992
538,1,0,0,0,0,0,0
539,1,0,0,0,0,0,0
540,1,0,0,0.5108255743980408,0,0,0
541,1,0,0,0,0,0,0
542,1,0.28768211603164673,0.6931471824645996,0.5108255743980408,0,0,0
544,1,0,0,1.0986123085021973,0,0,0.6931471824645996
545,1,0.5108255743980408,0.6931471824645996,0.9808292984962463,0,0,0.6931471824645996
546,1,0.5108255743980408,0,0.5108255743980408,0,0,0
547,1,0.6931471824645996,0.8472978472709656,0.28768211603164673,0,0.6931471824645996,0.6931471824645996
548,1,0,0,0,0,0,0
549,1,0.5108255743980408,0.6931471824645996,0,0.6931471824645996,1.0986123085021973,0
550,1,0,0.28768211603164673,0.9808292984962463,0,0,1.3862943649291992
551,1,0.6931471824645996,0,0,0.6931471824645996,0,0
552,1,0,0,0.5108255743980408,0,0,1.0986123085021973
553,1,0,0.5108255743980408,0,0,0,0
554,1,0.5108255743980408,0.5108255743980408,0,0,1.7917594909667969,0
555,1,0.9808292984962463,0.8472978472709656,0.5108255743980408,0.6931471824645996,1.0986123085021973,0
556,1,0,0,0.5108255743980408,0,0,1.3862943649291992
557,1,0.28768211603164673,0,0.28768211603164673,0,1.0986123085021973,0
558,1,0.5108255743980408,0.5108255743980408,0.28768211603164673,0,0,1.0986123085021973
560,1,0.28768211603164673,0.28768211603164673,0.28768211603164673,0,0,0
561,1,0,0.6931471824645996,0,0,1.0986123085021973,0.6931471824645996
562,1,0,0,0,0,0,0
563,1,0.5108255743980408,0.5108255743980408,0,0,0,0
564,1,0.28768211603164673,0,0,0.6931471824645996,1.0986123085021973,0.6931471824645996
565,1,0.6931471824645996,0.9808292984962463,0.9808292984962463,0,1.0986123085021973,0.6931471824645996
566,1,0,0,0,0,0,0
567,1,0,0,0.6931471824645996,0,0,0.6931471824645996
568,1,0.28768211603164673,0.8472978472709656,0,0,1.7917594909667969,0
569,1,0,0.28768211603164673,0,0,0,0
570,1,0,0,0,0,0,0.6931471824645996
571,1,0.5108255743980408,1.0986123085021973,0.8472978472709656,0,0,0
572,1,0.28768211603164673,0.28768211603164673,0,0,0.6931471824645996,0
573,1,0.6931471824645996,0.6931471824645996,0.28768211603164673,1.0986123085021973,0.6931471824645996,0.6931471824645996
574,1,0.5108255743980408,0,0.28768211603164673,0,0.6931471824645996,0.6931471824645996
576,1,0,0,0,0,0,0
577,1,0.28768211603164673,0,0,0,0,0
578,1,0.5108255743980408,0,0,0,0,0
579,1,0,1.2039728164672852,0.6931471824645996,0,0,0
580,1,0,0,0,0,0,0
581,1,0,0,0,0,0,0
582,1,0.6931471824645996,0.28768211603164673,0,0,0,0
583,1,0.28768211603164673,0.6931471824645996,0,0,0,0
584,1,0,0,0,0,0,0
585,1,0,0,0,0,0,0
586,1,0.9808292984962463,0,0,1.3862943649291992,1.7917594909667969,1.6094379425048828
587,1,0.5108255743980408,0,0.5108255743980408,0,0,0
588,1,0,0,0,0,0,0
589,1,0,0,0,0,0,0
590,1,0,0,0,0,0,0
592,1,0,0,0,0,0,0
593,1,0,0.28768211603164673,0,0,0.6931471824645996,0
594,1,0,0,0.28768211603164673,0.6931471824645996,0,0
595,1,0.28768211603164673,0,0,0,0,0
596,1,0.6931471824645996,0.28768211603164673,0,0,0.6931471824645996,0
597,1,0,0,0,0,0,0
598,1,0,0,0.28768211603164673,0,0,0
599,1,0,0,0,0,0,0
600,1,0,0,0,1.7917594909667969,1.0986123085021973,0
601,1,0,0,0,0,0,0
602,1,0,0,0,0,0,0
603,1,0,0,0,0,0,0.6931471824645996
604,1,0,0,0,0,0,0
605,1,0.28768211603164673,0.6931471824645996,0.28768211603164673,0,0.6931471824645996,0.6931471824645996
606,1,0.28768211603164673,0.28768211603164673,0,0,0.6931471824645996,0
608,1,0,0,0.28768211603164673,0,0,0
609,1,0,0,0.6931471824645996,0,1.7917594909667969,0
610,1,0.9808292984962463,1.0986123085021973,0.8472978472709656,0,0.6931471824645996,1.0986123085021973
611,1,0.8472978472709656,0.28768211603164673,0,0,0.6931471824645996,0.6931471824645996
612,1,0,0,0,0,0,0
613,1,0.28768211603164673,0,0,0.6931471824645996,0,0
614,1,0,0.5108255743980408,0,0,1.0986123085021973,0
615,1,0,0,0,0,0,0
616,1,0.28768211603164673,0.5108255743980408,0,0,0,0
617,1,0,0,0,0,0,0
618,1,0,0,0,0,0,0
619,1,0,0,0,0,0,0
620,1,0,0.6931471824645996,0.5108255743980408,0,1.0986123085021973,0.6931471824645996
621,1,0,1.6739764213562012,0.28768211603164673,0,1.6094379425048828,0.6931471824645996
622,1,0,0,0,0,0,0.6931471824645996
624,1,0.28768211603164673,0.5108255743980408,0.28768211603164673,0,0,0
625,1,0,0.5108255743980408,0,0,0,0
626,1,0,0,0,0,0,0.6931471824645996
627,1,0,0,0,0,0,0
628,1,0,0.28768211603164673,0.5108255743980408,0,1.0986123085021973,0
629,1,0.28768211603164673,0,0.28768211603164673,0,0,0.6931471824645996
630,1,0,1.0986123085021973,0,0,0.6931471824645996,0
631,1,0.28768211603164673,0.28768211603164673,0.6931471824645996,0,0,0
632,1,0.28768211603164673,1.0986123085021973,1.0986123085021973,0,0,0
633,1,0.28768211603164673,0,0,0,0,0
634,1,0,0,0,0,0,0
635,1,0.8472978472709656,0,0,0,0,0
636,1,0,0,0,0,0,0
637,1,0,0,0,0,0,0
638,1,0,0,0,0,0,0
640,1,0.28768211603164673,0.5108255743980408,0.5108255743980408,0,0.6931471824645996,1.0986123085021973
641,1,0,0.28768211603164673,0.28768211603164673,0,0.6931471824645996,0
642,1,0.28768211603164673,0.5108255743980408,0.28768211603164673,0,0,0.6931471824645996
643,1,0,0,0,0,0,0
644,1,0,0,0.28768211603164673,0,0,0
645,1,0,0.5108255743980408,0.5108255743980408,0,0,0
646,1,0,0,0,0,0,0
647,1,0.5108255743980408,0,0,0,1.3862943649291992,0
648,1,0,0,0,0.6931471824645996,0.6931471824645996,0
649,1,0,0.28768211603164673,0,1.0986123085021973,1.0986123085021973,0
650,1,0,0,0,0,0,0
651,1,0,0,0,0,0,0
652,1,1.4663370847702026,0.5108255743980408,0.28768211603164673,1.6094379425048828,1.0986123085021973,0
653,1,0,0,0,0,0,0
654,1,0.28768211603164673,0.28768211603164673,0,0,1.6094379425048828,0
656,1,0,0,0,0,0,0
657,1,0,0,0.6931471824645996,0,0,0
658,1,0,0.6931471824645996,0.5108255743980408,0,1.6094379425048828,0
659,1,0.28768211603164673,0.28768211603164673,0.5108255743980408,0,1.0986123085021973,1.0986123085021973
660,1,0.28768211603164673,0.28768211603164673,0.5108255743980408,0,0,0.6931471824645996
661,1,0.5108255743980408,1.2039728164672852,1.3862943649291992,0,0,1.7917594909667969
662,1,0.9808292984962463,0,0,0,0,0
663,1,0.9808292984962463,0.8472978472709656,0.6931471824645996,0,1.3862943649291992,0.6931471824645996
664,1,0.28768211603164673,0.28768211603164673,0,0,0,0
665,1,0.8472978472709656,1.2992830276489258,1.0986123085021973,0,1.0986123085021973,0
666,1,0,0.5108255743980408,0,0,1.0986123085021973,0.6931471824645996
667,1,0,0,0,0,0,0
668,1,0,0,0.6931471824645996,0,0,0
669,1,0.6931471824645996,0.5108255743980408,0.28768211603164673,0,0,0
670,1,0,0.28768211603164673,0.28768211603164673,0,1.0986123085021973,0
672,1,0.9808292984962463,0.8472978472709656,0.9808292984962463,1.7917594909667969,1.3862943649291992,1.0986123085021973
673,1,0.5108255743980408,0.28768211603164673,0.5108255743980408,0,0,0
674,1,0,0.28768211603164673,0.6931471824645996,0.6931471824645996,0,1.0986123085021973
675,1,0,0,0,0,0.6931471824645996,0
676,1,0.28768211603164673,0,0,0,0,0
677,1,0,0,0,0,0,0
678,1,0,0,0.28768211603164673,0,0,0
679,1,0,0,0,0,0,0
680,1,0,0.28768211603164673,0.6931471824645996,0,0,0
681,1,0,0,0.5108255743980408,0,0,0
682,1,0.9808292984962463,0.5108255743980408,0.5108255743980408,0,0,0
683,1,0.28768211603164673,0,0.8472978472709656,0,0,0
684,1,0,0,0,0,0,0
685,1,0,0,0,0,0,0.6931471824645996
686,1,0.28768211603164673,0,0,0,0.6931471824645996,0.6931471824645996
688,1,0.5108255743980408,0.9808292984962463,1.4663370847702026,0,1.3862943649291992,0.6931471824645996
689,1,0.5108255743980408,0.5108255743980408,0.9808292984962463,0.6931471824645996,1.0986123085021973,0
690,1,0.8472978472709656,0.8472978472709656,0,0,0,0
691,1,0,0,0,0,0,0
692,1,0,0,0,0,0,0
693,1,0.6931471824645996,0,0.5108255743980408,0,0,0
694,1,0,0,0,0,0,0
695,1,0.28768211603164673,0,0.28768211603164673,0,1.3862943649291992,0.6931471824645996
696,1,0,0,0.28768211603164673,0,0,0
697,1,0,0,0,0,0,0
698,1,0.5108255743980408,0.5108255743980408,0.5108255743980408,0,0,0
699,1,0,0,0,0,0,0
700,1,0.5108255743980408,0,0,0,0,0
701,1,0,0,0,0,0,0
702,1,0,0,0,0,0,0
704,1,0.5108255743980408,0.5108255743980408,0.28768211603164673,0,0,0
705,1,0.8472978472709656,0,0,0,0,0
706,1,0,0,0,0,0,0.6931471824645996
707,1,0,0,0,0,0,0
708,1,0.28768211603164673,0.6931471824645996,1.0986123085021973,0,1.0986123085021973,1.3862943649291992
709,1,0.28768211603164673,0,0.28768211603164673,0,0,1.0986123085021973
710,1,0.5108255743980408,0.28768211603164673,0,0.6931471824645996,0,0
711,1,0,0,0,0,0,0
712,1,0,0.6931471824645996,0,0,0.6931471824645996,0
713,1,0,0,0,0,0,0
714,1,0,0.28768211603164673,0.28768211603164673,0,0,0
715,1,0,0.28768211603164673,0.28768211603164673,0,0,0
716,1,0.6931471824645996,1.2992830276489258,1.6094379425048828,0.6931471824645996,1.3862943649291992,1.7917594909667969
717,1,0,0,0,0,0,0
718,1,0,0.28768211603164673,0,0,1.0986123085021973,0
720,1,0,0,0,0,0,0
721,1,0,0,0,0,0,0
722,1,0,0,0,0,0,0
723,1,0,0,0,0,0,0
724,1,1.4663370847702026,1.7917594909667969,1.7917594909667969,0,1.3862943649291992,1.7917594909667969
725,1,0.6931471824645996,0.6931471824645996,0.5108255743980408,0.6931471824645996,0,0.6931471824645996
726,1,0.8472978472709656,1.0986123085021973,1.6094379425048828,0.6931471824645996,1.6094379425048828,1.7917594909667969
727,1,0,0.8472978472709656,0.28768211603164673,0,0,0
728,1,0,0,0,0,0,0
729,1,0.8472978472709656,0.8472978472709656,0.6931471824645996,0,0,0
730,1,0,0.6931471824645996,0,0,0,0
731,1,0,0,0,0,0,0.6931471824645996
732,1,0,0,0,0,0,0
733,1,0,0,1.5404449701309204,0,0,0
734,1,0,0,0,0,0,0
736,1,0,0,0,0,0,0
737,1,0,0,0,0,1.0986123085021973,1.0986123085021973
738,1,0.28768211603164673,0,0,0,0,0
739,1,0,0,0,0,0,0
740,1,0.8472978472709656,0.8472978472709656,0.5108255743980408,0,0,0
741,1,0,0,0,0,0,0
742,1,0,0.6931471824645996,0.5108255743980408,0,0.6931471824645996,0.6931471824645996
743,1,0,0,0,0,0,0
744,1,0,0.6931471824645996,0,0,0,0
745,1,0,0,0,0,0,0
746,1,0.28768211603164673,0,0,0,0,0
747,1,0,0.28768211603164673,0,0.6931471824645996,0,0
748,1,1.2039728164672852,0.9808292984962463,0.9808292984962463,1.0986123085021973,0.6931471824645996,1.6094379425048828
749,1,0,0,0.28768211603164673,0,0,0
750,1,0,0,0,0,0,0
752,1,0,0,0,0,0,0
753,1,0.5108255743980408,0.28768211603164673,0,0,0,0
754,1,0,0,0.6931471824645996,0,0,1.3862943649291992
755,1,1.2039728164672852,0.5108255743980408,1.6739764213562012,0,0,1.0986123085021973
756,1,0.5108255743980408,0.28768211603164673,0.28768211603164673,0,0,0
757,1,0,0.28768211603164673,0,0,0,0
758,1,0,0,0,0,0,0
759,1,0,0,0,0,0,0
760,1,0,0.5108255743980408,0,0,0,0
761,1,0,0.28768211603164673,0,0,0,0.6931471824645996
762,1,0,0,0,0,0.6931471824645996,0
763,1,0.6931471824645996,0.6931471824645996,1.2039728164672852,0,0,0
764,1,1.2992830276489258,0,0,0,0.6931471824645996,0.6931471824645996
765,1,0,0,0,0,0,0
766,1,0,0,0,0,0,0
768,1,0,0,1.0986123085021973,0,0,1.6094379425048828
769,1,0,0,0.5108255743980408,0,0,0
770,1,0.28768211603164673,0,0,0,0,0
771,1,0,0,0,0,0,0
772,1,0.5108255743980408,0.6931471824645996,0.6931471824645996,0,0,1.0986123085021973
773,1,0.28768211603164673,0.28768211603164673,0,0,0,1.0986123085021973
774,1,0.5108255743980408,0.6931471824645996,0.28768211603164673,0,1.0986123085021973,1.3862943649291992
775,1,0,0,0.5108255743980408,0,0,1.3862943649291992
776,1,0,0,0,0,0,0
777,1,0.28768211603164673,0.28768211603164673,0.28768211603164673,0,0,0.6931471824645996
778,1,0.28768211603164673,1.5404449701309204,1.3862943649291992,1.0986123085021973,1.3862943649291992,1.3862943649291992
779,1,0.5108255743980408,0.28768211603164673,0.9808292984962463,0.6931471824645996,0,0
780,1,0,1.0986123085021973,0.28768211603164673,1.0986123085021973,0,0
781,1,0,0,0,1.0986123085021973,0.6931471824645996,1.0986123085021973
782,1,0.5108255743980408,0,0.28768211603164673,1.3862943649291992,1.6094379425048828,1.0986123085021973
784,1,0,0,0,0,0,0
785,1,0,0,0,0,0,0
786,1,0,0,0,0,0,0
787,1,0,0.28768211603164673,0.5108255743980408,0,0,1.0986123085021973
788,1,0.28768211603164673,0.9808292984962463,1.3862943649291992,0.6931471824645996,0,1.3862943649291992
789,1,0,0,0,0,0,0
790,1,0.28768211603164673,0,0,0,0,0
791,1,1.2039728164672852,0.5108255743980408,0.6931471824645996,0,0,0
792,1,1.5404449701309204,0.5108255743980408,1.7917594909667969,1.3862943649291992,0.6931471824645996,1.6094379425048828
793,1,0,0,0,0,0,0
794,1,0,0,0.6931471824645996,0,0,1.0986123085021973
795,1,0,0,0,0,0,0
796,1,0.5108255743980408,0,0.28768211603164673,1.0986123085021973,0,0
797,1,0,0,0,0,0,0
798,1,0,0.5108255743980408,0,0,0.6931471824645996,0
800,1,0,0,0.28768211603164673,0,0,0.6931471824645996
801,1,0,0,0.6931471824645996,0,1.3862943649291992,1.3862943649291992
802,1,0.6931471824645996,0.6931471824645996,0.6931471824645996,1.3862943649291992,0.6931471824645996,1.0986123085021973
803,1,0.8472978472709656,0.5108255743980408,0,1.7917594909667969,0,0
804,1,0,0,0.5108255743980408,0,0,0
805,1,0.5108255743980408,0.9808292984962463,1.0986123085021973,0,0,0
806,1,0.5108255743980408,0.28768211603164673,0.28768211603164673,0.6931471824645996,1.0986123085021973,0.6931471824645996
807,1,0.5108255743980408,0.28768211603164673,0.6931471824645996,0,0.6931471824645996,0
808,1,0,0,0,0,0,0
809,1,0,0,0,0,0,0
810,1,0.5108255743980408,0,0.5108255743980408,0,0,0
811,1,0.8472978472709656,0,1.0986123085021973,0,0,1.3862943649291992
812,1,0,0.28768211603164673,0.9808292984962463,0,0,0.6931471824645996
813,1,0.5108255743980408,0.28768211603164673,0.28768211603164673,0,0,0
814,1,1.2039728164672852,1.0986123085021973,1.0986123085021973,1.7917594909667969,0.6931471824645996,1.6094379425048828
816,1,1.5404449701309204,1.7917594909667969,1.7917594909667969,0.6931471824645996,1.6094379425048828,1.0986123085021973
817,1,0.28768211603164673,0.28768211603164673,0.6931471824645996,0,0,0
818,1,0,0,0,0,0.6931471824645996,0
819,1,0.5108255743980408,0.5108255743980408,0.6931471824645996,0.6931471824645996,1.0986123085021973,1.0986123085021973
820,1,0,0,0,0,0,0
821,1,0,0,0,0,0,0
822,1,1.5404449701309204,1.0986123085021973,1.6739764213562012,1.3862943649291992,0,1.0986123085021973
823,1,0,0,0,0,0,0
824,1,0.28768211603164673,0.8472978472709656,0.28768211603164673,0,0,0
825,1,0,0,0,0.6931471824645996,0,0
826,1,0.5108255743980408,0,0,0.6931471824645996,0,0
827,1,0.6931471824645996,0.28768211603164673,0.8472978472709656,0.6931471824645996,0,0
828,1,0,0,0,0,0.6931471824645996,0.6931471824645996
829,1,0,0,0.28768211603164673,0,0,0
830,1,0,0,0.6931471824645996,0,0,0
832,1,0,0.28768211603164673,1.0986123085021973,0,0,1.0986123085021973
833,1,0.6931471824645996,0,0.8472978472709656,0,0,0
834,1,0.28768211603164673,0,0.9808292984962463,1.0986123085021973,0,1.0986123085021973
835,1,0,0,0,0,0,0
836,1,0.8472978472709656,0,0.6931471824645996,1.3862943649291992,0,1.3862943649291992
837,1,0,0.28768211603164673,0.28768211603164673,0,0,0.6931471824645996
838,1,0.28768211603164673,0.5108255743980408,1.2992830276489258,0,0,0
839,1,0,0.28768211603164673,0.6931471824645996,0,0,0.6931471824645996
840,1,0,0,0,0,0,0.6931471824645996
841,1,0,0,0,0,0,0
842,1,0,0,0,0,0,0
843,1,0,0,0.28768211603164673,0,0.6931471824645996,0.6931471824645996
844,1,0,0,0,0,1.0986123085021973,0
845,1,0,0,0,0,0,0
846,1,0.5108255743980408,0.5108255743980408,0.28768211603164673,1.0986123085021973,0.6931471824645996,1.0986123085021973
848,1,0,0,0.5108255743980408,0,0,0
849,1,0,0,0,0,0,0
850,1,0.28768211603164673,0.5108255743980408,0.28768211603164673,1.0986123085021973,0,0.6931471824645996
851,1,0,0,0,0,0,0
852,1,0.5108255743980408,0.8472978472709656,0,0,1.3862943649291992,0
853,1,0.28768211603164673,0,0.5108255743980408,0,0,0.6931471824645996
854,1,0,0,0.5108255743980408,0,0,0.6931471824645996
855,1,0.5108255743980408,0.5108255743980408,0,0.6931471824645996,0,0
856,1,0,0,0,0,0,0
857,1,0.5108255743980408,0,0,0,0,0
858,1,0,0,0,0,0,1.3862943649291992
859,1,0,0,0.28768211603164673,0,1.3862943649291992,1.7917594909667969
860,1,0,0,0.28768211603164673,0,0,0
861,1,0,0.28768211603164673,0,0,0,0
862,1,0,0,0,0,0,0
864,1,0.6931471824645996,0,0,0.6931471824645996,0,0
865,1,0.5108255743980408,0.5108255743980408,0.5108255743980408,0.6931471824645996,1.0986123085021973,0.6931471824645996
866,1,0,0,0,0,0,0
867,1,0,0,0,0,0,1.6094379425048828
868,1,0,0,0,0,0,0
869,1,0,0,1.2039728164672852,0,0,1.0986123085021973
870,1,0.28768211603164673,0.5108255743980408,0.5108255743980408,0.6931471824645996,0.6931471824645996,1.0986123085021973
871,1,0,0.5108255743980408,0,0,0,0
872,1,0,0,0,0,0,0
873,1,0,0,0,0,0,0
874,1,0,0,0,0,0,0
875,1,0.8472978472709656,0.8472978472709656,0.5108255743980408,0,0,0
876,1,0,0,0,0,0,0
877,1,0.5108255743980408,0,1.0986123085021973,0,0,0
878,1,0,0,0.5108255743980408,0,0,1.3862943649291992
880,1,0,0,0.28768211603164673,0,0.6931471824645996,0
881,1,0,0.28768211603164673,1.0986123085021973,0,1.0986123085021973,1.6094379425048828
882,1,0,0.8472978472709656,0.5108255743980408,0,0,0.6931471824645996
883,1,1.0986123085021973,0.9808292984962463,1.2039728164672852,1.3862943649291992,1.6094379425048828,0
884,1,0.28768211603164673,0,0,0,0,0.6931471824645996
885,1,0,0,0,0.6931471824645996,0,0.6931471824645996
886,1,0.28768211603164673,0,0.28768211603164673,0,0.6931471824645996,0
887,1,0,0,0,0.6931471824645996,1.0986123085021973,0.6931471824645996
888,1,0,0.5108255743980408,0,0,1.0986123085021973,0.6931471824645996
889,1,0,0.5108255743980408,0,0,0,0
890,1,1.2992830276489258,0.28768211603164673,0,1.7917594909667969,0.6931471824645996,0.6931471824645996
891,1,0,0.6931471824645996,0,0.6931471824645996,0.6931471824645996,0.6931471824645996
892,1,0,0,0,0,0,0
893,1,0.5108255743980408,0.28768211603164673,0,0,0,1.3862943649291992
894,1,0,0,0,0,0,0
896,1,0,0,0,0,0.6931471824645996,0
897,1,0,0,0.5108255743980408,0,0,0
898,1,0.5108255743980408,0.5108255743980408,0.6931471824645996,0,1.0986123085021973,0.6931471824645996
899,1,0,0,0.9808292984962463,0,0.6931471824645996,0.6931471824645996
900,1,0.6931471824645996,0.28768211603164673,0.8472978472709656,1.0986123085021973,0,0.6931471824645996
901,1,0,0,0,0,0.6931471824645996,1.0986123085021973
902,1,0,0,1.4663370847702026,0,0,1.7917594909667969
903,1,0.8472978472709656,0.28768211603164673,0,0,0.6931471824645996,0
904,1,0,0,0,0,0,1.7917594909667969
905,1,0,0.28768211603164673,0.28768211603164673,1.0986123085021973,0.6931471824645996,0
906,1,0,0,0,1.3862943649291992,0,1.7917594909667969
907,1,0,0,0.28768211603164673,0,0,0
908,1,0,0,0,0,0,0
909,1,0,0,0,0,0,0
910,1,0,0,0,0,0,0
912,1,0.28768211603164673,0,0,0,0,0
913,1,0,0,0,0,0,0
914,1,0,0,0,0,0,0
915,1,0,0,0,0,0,0
916,1,0,0,0,0,0,0
917,1,0,0,0.28768211603164673,0,0,0
918,1,0,0,0.5108255743980408,0,0,0
919,1,0,0.5108255743980408,0.28768211603164673,0,0,0
920,1,0.28768211603164673,0.9808292984962463,1.0986123085021973,0,1.7917594909667969,1.3862943649291992
921,1,0,0,0,0,0,0
922,1,0,0,0,0,0,0
923,1,0,0,0,0,0,0
924,1,0,0,0,0,0,0
925,1,0,0.28768211603164673,0.28768211603164673,0,0,0
926,1,0.5108255743980408,1.2039728164672852,1.2992830276489258,0,1.0986123085021973,1.3862943649291992
928,1,0,0,0,0,0,0
929,1,0,0,0,0,0,0
930,1,0,0,0,0,0,0
931,1,0.28768211603164673,0.28768211603164673,0.28768211603164673,0,0,0.6931471824645996
932,1,0,0,0.28768211603164673,0,0,0
933,1,0,0,0,0,0,0
934,1,0,0.28768211603164673,1.2992830276489258,0,0,0
935,1,0,0.5108255743980408,0,0,0,0
936,1,0,0,0,0,0,0
937,1,0,0,0.28768211603164673,0,0,0
938,1,1.2992830276489258,0,0.28768211603164673,0,0,0
939,1,0,0.5108255743980408,1.3862943649291992,0,0,0
940,1,0.28768211603164673,0,0,0,0,0
941,1,0.6931471824645996,0,0.6931471824645996,0,0,1.3862943649291992
942,1,0.28768211603164673,0,0,0,0,0
944,1,0,0,0,0.6931471824645996,0.6931471824645996,0
945,1,0.5108255743980408,0,0.5108255743980408,0,0,0
946,1,0,0,0,0,0.6931471824645996,0
947,1,0,0.6931471824645996,0.6931471824645996,0,0.6931471824645996,0.6931471824645996
948,1,0,0.28768211603164673,0,1.0986123085021973,1.0986123085021973,1.0986123085021973
949,1,0,0.5108255743980408,0,0,0.6931471824645996,0
950,1,0,0,0,0,0,0
951,1,0,0,0,0,0,0
952,1,0,0.9808292984962463,1.3862943649291992,0,0,1.3862943649291992
953,1,0,0,0.28768211603164673,0,0,1.0986123085021973
954,1,0,0,0.28768211603164673,0,0,0
955,1,0.28768211603164673,0.5108255743980408,0.6931471824645996,0,0,0
956,1,0,0,0,0,0,0
957,1,0,0,0,0,0,0
958,1,0,0,0,0.6931471824645996,0,0
960,1,0,0,0.5108255743980408,0,0,0.6931471824645996
961,1,0,0,0,0,0,0
962,1,0,0,0.5108255743980408,0,0,0.6931471824645996
963,1,1.4663370847702026,1.6739764213562012,0,0.6931471824645996,1.7917594909667969,0
964,1,0,0,0,0,0,0
965,1,0.5108255743980408,0,0.6931471824645996,0,0.6931471824645996,0.6931471824645996
966,1,0,0,0,0,0,0
967,1,1.4663370847702026,0.28768211603164673,0.5108255743980408,0,0.6931471824645996,0
968,1,0.6931471824645996,0.5108255743980408,0.28768211603164673,0,0.6931471824645996,1.3862943649291992
969,1,0.5108255743980408,0.5108255743980408,0,0.6931471824645996,1.0986123085021973,0
970,1,0,0.28768211603164673,0.5108255743980408,0,0,0.6931471824645996
971,1,0,0,0,0,0,0
972,1,0,0,0.5108255743980408,0,0,1.0986123085021973
973,1,0,0,1.2039728164672852,0,0,0.6931471824645996
974,1,0,0.5108255743980408,0.9808292984962463,0,1.6094379425048828,1.7917594909667969
976,1,0,0,0,0,0,0
977,1,0,0,0,0,0,0
978,1,0,0,0,0,0,0
979,1,0,0,0,0,0,0
980,1,0,0.28768211603164673,0,0,0,0
981,1,0,0.28768211603164673,0,0,0.6931471824645996,0
982,1,0.5108255743980408,0,0,1.0986123085021973,0.6931471824645996,0
983,1,0.28768211603164673,0,0.5108255743980408,0,0,1.0986123085021973
984,1,0,0,0,0,0,0
985,1,0,0,0.28768211603164673,0,0,0
986,1,0,0,0.5108255743980408,0,0,0.6931471824645996
987,1,0.28768211603164673,0,0,0,0,0
988,1,0,0.5108255743980408,0.5108255743980408,0,0,1.0986123085021973
989,1,0,0,0,0,0,0
990,1,0.5108255743980408,0,0,1.0986123085021973,0,0
992,1,0,0,0,0,0,0
993,1,0,0,0,0,0,0.6931471824645996
994,1,0.5108255743980408,0.5108255743980408,1.5404449701309204,0,0,1.3862943649291992
995,1,0,0,0,0,0,0
996,1,0,0.5108255743980408,1.2039728164672852,0,0,0
997,1,0,0,0,0,0,0
998,1,0.6931471824645996,0.5108255743980408,0.9808292984962463,1.0986123085021973,1.7917594909667969,0.6931471824645996
999,1,0,0,0,0,0,0
1000,1,0,0,0,0,0,0
1001,1,1.2992830276489258,0.9808292984962463,0.9808292984962463,1.7917594909667969,0,1.7917594909667969
1002,1,0.28768211603164673,0.28768211603164673,0.6931471824645996,0,0.6931471824645996,0.6931471824645996
1003,1,0,1.0986123085021973,0,1.3862943649291992,1.7917594909667969,0
1004,1,0.5108255743980408,0,0,0.6931471824645996,0,0
1005,1,0,1.0986123085021973,0.6931471824645996,0,0,1.0986123085021973
1006,1,0,0.28768211603164673,0,0,0,0
1008,1,0.8472978472709656,0.5108255743980408,0.28768211603164673,1.3862943649291992,0.6931471824645996,1.0986123085021973
1009,1,0,0,0,0,0,0
1010,1,0,0,0,0,0,0
1011,1,0.6931471824645996,0.28768211603164673,0,0,0,0
1012,1,0,0.5108255743980408,0.8472978472709656,0,0.6931471824645996,1.3862943649291992
1013,1,0,0.5108255743980408,0.5108255743980408,0,1.3862943649291992,0
1014,1,0,0,0.28768211603164673,0,0,0
1015,1,0,0,0,0,0,0
1016,1,0,0,0,0,0,0
1017,1,0.5108255743980408,0.28768211603164673,0.6931471824645996,0.6931471824645996,0,0.6931471824645996
1018,1,0,0,0,0.6931471824645996,0.6931471824645996,0
1019,1,0,0,0,0,0,0
1020,1,0,0,0.5108255743980408,0.6931471824645996,0,0.6931471824645996
1021,1,0,0,0,0,0,0
1022,1,0.28768211603164673,0,0,0,0,0
1024,1,0,0,0.28768211603164673,0,0,1.0986123085021973
1025,1,0,0,0,0,0,0
1026,1,0.8472978472709656,0,0,0,0,0
1027,1,0,0,0,0,0,0
1028,1,1.4663370847702026,1.2992830276489258,1.7917594909667969,1.7917594909667969,1.7917594909667969,1.7917594909667969
1029,1,0,0,0.28768211603164673,0,0,0
1030,1,0,0,0.28768211603164673,0,0,0
1031,1,0,0,0,0,0,0
1032,1,0,0,0,0,1.6094379425048828,1.3862943649291992
1033,1,0,0.5108255743980408,0.28768211603164673,0,0,0.6931471824645996
1034,1,0,0,0,0,0,0
1035,1,0.28768211603164673,0,0,0,0,0
1036,1,0.28768211603164673,0.9808292984962463,0.6931471824645996,0.6931471824645996,0,0
1037,1,0,0.28768211603164673,0.5108255743980408,0,0,0.6931471824645996
1038,1,0.5108255743980408,0.28768211603164673,0,0.6931471824645996,0,0.6931471824645996
1040,1,0.28768211603164673,0.5108255743980408,0.5108255743980408,1.0986123085021973,0,1.0986123085021973
1041,1,0,0,0,0,0,0
1042,1,0,0,0,0,0,0
1043,1,0,0,0,0,0,0
1044,1,1.5404449701309204,0.5108255743980408,0,0.6931471824645996,0,0
1045,1,0,0.28768211603164673,0,0,0.6931471824645996,0
1046,1,0,0,0,0,0,0
1047,1,0,0,0,0,0,0
1048,1,0,0,0,0,0,0
1049,1,0.28768211603164673,0.5108255743980408,0.5108255743980408,1.0986123085021973,1.3862943649291992,0
1050,1,0,0,0,0,0,0
1051,1,0,0,0,1.6094379425048828,0,0
1052,1,0,0,0.28768211603164673,0,0,0
1053,1,0,0,0,0,0,0
1054,1,0,0,0,0,0,0
1056,1,1.0986123085021973,0.5108255743980408,0.8472978472709656,1.6094379425048828,0,0.6931471824645996
1057,1,0,0,0.28768211603164673,0,0,0
1058,1,0,0,0,0,0,0
1059,1,0,0,0.8472978472709656,0,0,0
1060,1,0,0,0,0,0,0
1061,1,0,0,0,0,0,0
1062,1,0,0,0,0,0,0
1063,1,0.5108255743980408,0.5108255743980408,1.4663370847702026,0.6931471824645996,0,1.0986123085021973
1064,1,0.28768211603164673,0.28768211603164673,0.6931471824645996,0,0,0
1065,1,0,0,0,0,0,0
1066,1,0.28768211603164673,0.28768211603164673,0.28768211603164673,0,0,0
1067,1,0.28768211603164673,0.5108255743980408,0.6931471824645996,0,0.6931471824645996,0.6931471824645996
1068,1,0,0.28768211603164673,0.5108255743980408,0.6931471824645996,0,0
1069,1,0,0,0,0,0,0
1070,1,0,0,0,0,0,0
1072,1,0.5108255743980408,0.9808292984962463,1.2039728164672852,1.0986123085021973,1.0986123085021973,1.7917594909667969
1073,1,0,0,0,0,0,0
1074,1,0.9808292984962463,0.28768211603164673,0.5108255743980408,0,0,0
1075,1,0,0,0,0,0,0
1076,1,0,0,0,0,0,0
1077,1,0,0,0,0,0,0
1078,1,1.4663370847702026,0.9808292984962463,0.28768211603164673,0,0.6931471824645996,0.6931471824645996
1079,1,0,0.5108255743980408,0.6931471824645996,0.6931471824645996,0,0
1080,1,0,0,0.28768211603164673,0,0,0
1081,1,0,0,0,0,0,0
1082,1,0,0,0.28768211603164673,0,0,0
1083,1,0,0,0,0,0,0.6931471824645996
1084,1,0.28768211603164673,0.6931471824645996,0,0,0,0
1085,1,0,0,0,0,0,0
1086,1,0,0,0,0,0,0
1088,1,0,0,0.5108255743980408,0,0,0.6931471824645996
1089,1,0,0,0,0,0,0
1090,1,0,0,0.28768211603164673,0,0,0
1091,1,0,0,0,0,0,0
1092,1,0,0.28768211603164673,0,0,0,0
1093,1,0,0,0,0,0,0
1094,1,0.28768211603164673,0.6931471824645996,1.2992830276489258,0,0.6931471824645996,1.3862943649291992
1095,1,0,0,0,0,0,0
1096,1,0,0.5108255743980408,0.5108255743980408,0,0.6931471824645996,0.6931471824645996
1097,1,0,0.28768211603164673,0,0.6931471824645996,0,0
1098,1,0,0,0,0,0,0
1099,1,0,0.5108255743980408,0.28768211603164673,0,0,0
1100,1,0,0,0,0,0.6931471824645996,0
1101,1,0.28768211603164673,0.28768211603164673,0,0,0,0
1102,1,0.28768211603164673,0.28768211603164673,0.8472978472709656,0.6931471824645996,0,1.3862943649291992
1104,1,0,0,0,0,0,0
1105,1,1.3862943649291992,1.0986123085021973,1.2039728164672852,0,0,1.0986123085021973
1106,1,0,0.28768211603164673,0,0,0,0
1107,1,1.7346010208129883,1.3862943649291992,1.0986123085021973,1.7917594909667969,0,0.6931471824645996
1108,1,0,0,0,0,0,0
1109,1,0.5108255743980408,0,0.9808292984962463,0,0,0.6931471824645996
1110,1,0.28768211603164673,0.5108255743980408,0,1.3862943649291992,1.0986123085021973,0
1111,1,0,0,0,1.7917594909667969,1.0986123085021973,0
1112,1,0,0,0,0,0,0
1113,1,0,0,0,0,0,1.0986123085021973
1114,1,0,0,0,0,0,0
1115,1,0,0,0,0,0,0
1116,1,0,0,0,0,0,0.6931471824645996
1117,1,0,0,0.28768211603164673,0,0,0
1118,1,0,0.6931471824645996,0,1.3862943649291992,0,0
1120,1,0,0,0,0,0,0
1121,1,0,0.8472978472709656,0,0,0,0
1122,1,0.28768211603164673,0.28768211603164673,0,0,0.6931471824645996,0
