"id","stdate","enddate","entry","exit","censor","parttime","age"
1,1/13/1986,1/12/1990,3.9671457905544147,3.997262149212868,0,0,31.15400410677618
2,3/01/1986,8/31/1992,3.838466803559206,6.50239561943874,0,1,29.478439425051334
3,3/01/1986,9/30/1992,3.838466803559206,6.584531143052704,1,0,37.440109514031484
4,3/17/1986,9/30/1992,3.7946611909650922,6.54072553045859,1,1,30.546201232032853
5,4/01/1986,12/20/1990,3.753593429158111,4.720054757015743,0,0,40.766598220396986
6,4/17/1986,9/30/1992,3.7097878165639973,6.455852156057495,1,0,31.98631074606434
7,6/01/1986,9/30/1992,3.586584531143053,6.33264887063655,1,1,33.40177960301163
8,6/10/1986,12/01/1990,3.561943874058864,4.476386036960986,0,0,30.743326488706366
9,6/23/1986,6/27/1990,3.5263518138261465,4.010951403148528,0,0,40.709103353867214
10,6/30/1986,6/29/1990,3.5071868583162216,3.997262149212868,0,0,32.34770704996578
11,6/30/1986,6/29/1990,3.5071868583162216,3.997262149212868,0,0,34.417522245037645
12,6/30/1986,9/30/1992,3.5071868583162216,6.253251197809719,1,0,29.87542778918549
13,7/01/1986,7/01/1990,3.5044490075290895,4,0,0,34.56810403832991
14,7/01/1986,9/30/1992,3.5044490075290895,6.250513347022587,1,0,28.632443531827516
16,7/01/1986,6/30/1990,3.5044490075290895,3.997262149212868,0,0,28.870636550308006
17,7/01/1986,6/30/1990,3.5044490075290895,3.997262149212868,0,0,29.82340862422998
18,7/01/1986,6/30/1990,3.5044490075290895,3.997262149212868,0,0,31.980835044490075
19,7/01/1986,6/30/1990,3.5044490075290895,3.997262149212868,0,0,30.455852156057496
20,7/01/1986,6/30/1990,3.5044490075290895,3.997262149212868,0,0,29.251197809719372
21,7/01/1986,6/30/1990,3.5044490075290895,3.997262149212868,0,0,26.8145106091718
22,7/01/1986,6/30/1990,3.5044490075290895,3.997262149212868,0,0,30.308008213552363
23,7/01/1986,12/01/1990,3.5044490075290895,4.418891170431212,0,0,33.79876796714579
24,7/01/1986,9/30/1992,3.5044490075290895,6.250513347022587,1,0,51.60301163586585
25,7/01/1986,9/30/1992,3.5044490075290895,6.250513347022587,1,0,29.34428473648186
26,7/01/1986,7/31/1990,3.5044490075290895,4.082135523613963,0,0,29.79876796714579
27,7/01/1986,6/30/1990,3.5044490075290895,3.997262149212868,0,0,28.98836413415469
28,7/01/1986,8/15/1990,3.5044490075290895,4.123203285420945,0,0,28.555783709787818
29,7/01/1986,6/30/1990,3.5044490075290895,3.997262149212868,0,0,29.048596851471594
30,7/01/1986,6/30/1990,3.5044490075290895,3.997262149212868,0,0,30.099931553730322
32,7/01/1986,9/30/1992,3.5044490075290895,6.250513347022587,1,0,28.59958932238193
33,7/01/1986,6/30/1990,3.5044490075290895,3.997262149212868,0,0,30.420260095824776
34,7/01/1986,6/30/1991,3.5044490075290895,4.996577686516085,0,0,27.20602327173169
35,7/01/1986,6/30/1990,3.5044490075290895,3.997262149212868,0,0,28.695414099931554
36,7/01/1986,10/01/1990,3.5044490075290895,4.251882272416153,0,0,31.857631759069132
37,7/01/1986,6/30/1990,3.5044490075290895,3.997262149212868,0,0,29.09240246406571
38,7/02/1986,7/04/1990,3.5017111567419574,4.005475701574264,0,0,27.397672826830938
39,7/02/1986,7/06/1990,3.5017111567419574,4.010951403148528,0,0,33.242984257357975
40,7/05/1986,7/04/1990,3.4934976043805612,3.997262149212868,0,0,31.707049965776864
41,7/07/1986,9/30/1992,3.488021902806297,6.234086242299795,1,1,28.78576317590691
42,7/07/1986,7/05/1990,3.488021902806297,3.994524298425736,0,0,30.951403148528406
43,7/07/1986,7/06/1990,3.488021902806297,3.997262149212868,0,0,30.209445585215605
44,7/07/1986,7/06/1990,3.488021902806297,3.997262149212868,0,0,33.26488706365503
45,7/07/1986,4/30/1991,3.488021902806297,4.813141683778234,0,0,31.652292950034223
46,7/07/1986,9/30/1992,3.488021902806297,6.234086242299795,1,0,29.19917864476386
48,7/07/1986,7/06/1990,3.488021902806297,3.997262149212868,0,0,30.48870636550308
49,7/07/1986,7/06/1990,3.488021902806297,3.997262149212868,0,0,30.217659137577
50,7/07/1986,12/31/1991,3.488021902806297,5.4839151266255985,0,0,28.78302532511978
51,7/07/1986,7/31/1991,3.488021902806297,5.065023956194388,0,0,27.789185489390828
52,7/07/1986,7/14/1990,3.488021902806297,4.0191649555099245,0,0,28.876112251882272
53,7/07/1986,10/31/1991,3.488021902806297,5.316906228610541,0,1,29.976728268309376
54,7/07/1986,7/06/1990,3.488021902806297,3.997262149212868,0,0,29.4072553045859
55,7/08/1986,7/07/1990,3.485284052019165,3.997262149212868,0,0,29.17453798767967
56,7/09/1986,7/08/1990,3.482546201232033,3.997262149212868,0,0,28.566735112936346
57,7/14/1986,9/30/1992,3.468856947296372,6.2149212867898695,1,0,29.481177275838466
58,7/14/1986,9/30/1992,3.468856947296372,6.2149212867898695,1,0,31.600273785078713
59,7/14/1986,9/30/1992,3.468856947296372,6.2149212867898695,1,0,33.4154688569473
60,7/14/1986,7/13/1990,3.468856947296372,3.997262149212868,0,0,29.259411362080765
61,7/14/1986,7/13/1990,3.468856947296372,3.997262149212868,0,0,34.60917180013689
62,7/14/1986,7/13/1990,3.468856947296372,3.997262149212868,0,0,30.78986995208761
64,7/14/1986,7/13/1991,3.468856947296372,4.996577686516085,0,0,29.541409993155373
65,7/14/1986,7/13/1990,3.468856947296372,3.997262149212868,0,0,30.26420260095825
66,7/14/1986,9/30/1992,3.468856947296372,6.2149212867898695,1,0,28.791238877481177
67,7/14/1986,7/13/1990,3.468856947296372,3.997262149212868,0,0,28.966461327857633
68,7/14/1986,7/13/1990,3.468856947296372,3.997262149212868,0,0,31.76728268309377
69,7/14/1986,11/30/1991,3.468856947296372,5.379876796714579,0,0,29.437371663244353
70,7/14/1986,7/13/1990,3.468856947296372,3.997262149212868,0,0,27.55373032169747
71,7/15/1986,7/14/1990,3.46611909650924,3.997262149212868,0,0,28.93634496919918
72,7/15/1986,9/30/1992,3.46611909650924,6.2121834360027375,1,0,28.914442162902123
73,7/15/1986,7/14/1990,3.46611909650924,3.997262149212868,0,0,29.65639972621492
74,7/15/1986,9/30/1990,3.46611909650924,4.210814510609172,0,0,30.61738535249829
75,7/15/1986,7/14/1990,3.46611909650924,3.997262149212868,0,0,29.60164271047228
76,7/15/1986,7/14/1990,3.46611909650924,3.997262149212868,0,0,30.130047912388775
77,7/15/1986,7/14/1990,3.46611909650924,3.997262149212868,0,0,29.4839151266256
78,7/15/1986,7/20/1990,3.46611909650924,4.01368925393566,0,0,32.219028062970565
80,7/16/1986,7/15/1990,3.463381245722108,3.997262149212868,0,0,26.086242299794662
81,7/16/1986,7/15/1990,3.463381245722108,3.997262149212868,0,0,30.168377823408623
82,7/21/1986,9/30/1992,3.4496919917864477,6.195756331279945,1,0,34.30800821355236
83,7/21/1986,9/30/1992,3.4496919917864477,6.195756331279945,1,0,37.12799452429842
84,7/21/1986,7/20/1990,3.4496919917864477,3.997262149212868,0,0,29.415468856947296
85,7/21/1986,7/20/1990,3.4496919917864477,3.997262149212868,0,0,31.61122518822724
86,7/21/1986,9/30/1992,3.4496919917864477,6.195756331279945,1,0,29.579739904175224
87,7/21/1986,6/01/1990,3.4496919917864477,3.863107460643395,0,0,30.09719370294319
88,7/22/1986,7/21/1990,3.4469541409993156,3.997262149212868,0,0,33.28678986995209
89,7/28/1986,7/27/1990,3.430527036276523,3.997262149212868,0,0,31.140314852840522
90,7/28/1986,7/31/1990,3.430527036276523,4.008213552361396,0,0,36.73648186173853
91,7/28/1986,7/27/1990,3.430527036276523,3.997262149212868,0,0,30.458590006844627
92,7/28/1986,9/30/1992,3.430527036276523,6.176591375770021,1,1,36.46269678302532
93,8/01/1986,8/18/1991,3.4195756331279945,5.045859000684462,0,0,29.311430527036276
94,8/01/1986,7/31/1990,3.4195756331279945,3.997262149212868,0,0,31.926078028747433
96,8/01/1986,9/30/1992,3.4195756331279945,6.165639972621492,1,0,30.965092402464066
97,8/03/1986,9/11/1992,3.4140999315537304,6.108145106091718,0,0,32.13141683778234
98,8/04/1986,8/03/1990,3.4113620807665983,3.997262149212868,0,0,34.51334702258727
99,8/04/1986,8/03/1990,3.4113620807665983,3.997262149212868,0,0,29.973990417522245
100,8/11/1986,8/10/1990,3.3921971252566734,3.997262149212868,0,0,30.099931553730322
101,8/12/1986,5/31/1992,3.3894592744695413,5.801505817932923,0,1,28.88432580424367
102,8/15/1986,6/01/1990,3.381245722108145,3.7946611909650922,0,0,27.88501026694045
103,8/18/1986,2/28/1990,3.373032169746749,3.5318275154004106,0,0,29.470225872689937
104,8/21/1986,9/30/1992,3.3648186173853527,6.11088295687885,1,0,31.72347707049966
105,8/22/1986,9/30/1992,3.36208076659822,6.108145106091718,1,0,32.134154688569474
106,9/01/1986,9/30/1992,3.3347022587268995,6.080766598220397,1,1,34.49965776865161
107,9/01/1986,9/30/1992,3.3347022587268995,6.080766598220397,1,0,29.136208076659823
108,9/01/1986,8/31/1990,3.3347022587268995,3.997262149212868,0,0,29.530458590006845
109,9/15/1986,10/19/1990,3.29637234770705,4.093086926762491,0,0,32.62149212867899
110,9/15/1986,9/30/1992,3.29637234770705,6.0424366872005475,1,0,29.39630390143737
112,10/07/1986,9/30/1992,3.2361396303901437,5.982203969883641,1,0,30.078028747433265
113,11/01/1986,12/01/1990,3.167693360711841,4.082135523613963,0,0,58.82546201232033
114,11/17/1986,11/16/1990,3.1238877481177276,3.997262149212868,0,0,27.28268309377139
115,12/01/1986,9/30/1992,3.0855578370978782,5.831622176591376,1,0,31.904175222450377
116,12/07/1986,8/10/1990,3.0691307323750854,3.67419575633128,0,0,30.45311430527036
117,12/08/1986,6/30/1990,3.0663928815879533,3.5592060232717317,0,0,33.38809034907597
118,1/20/1987,11/11/1991,2.948665297741273,4.80766598220397,0,0,32.11225188227242
119,2/02/1987,9/30/1992,2.9130732375085557,5.6591375770020536,1,1,32.40520191649555
120,2/26/1987,7/15/1990,2.847364818617385,3.381245722108145,0,0,30.795345653661876
121,3/01/1987,9/30/1992,2.839151266255989,5.585215605749487,1,1,29.256673511293634
122,3/08/1987,7/31/1991,2.8199863107460645,4.396988364134154,0,0,28.67624914442163
123,5/11/1987,1/04/1991,2.64476386036961,3.652292950034223,0,0,34.809034907597535
124,6/01/1987,8/03/1990,2.5872689938398357,3.1731690622861053,0,0,33.00479123887748
125,6/01/1987,10/31/1990,2.5872689938398357,3.4168377823408624,0,0,31.98904859685147
126,6/06/1987,7/05/1990,2.5735797399041753,3.080082135523614,0,0,34.79808350444901
128,7/01/1987,3/30/1990,2.5051334702258727,2.746064339493498,0,0,31.479808350444902
129,7/01/1987,6/30/1991,2.5051334702258727,3.997262149212868,0,0,27.978097193702943
130,7/01/1987,6/30/1990,2.5051334702258727,2.9979466119096507,0,0,28.92539356605065
131,7/01/1987,9/30/1992,2.5051334702258727,5.25119780971937,1,0,31.08829568788501
132,7/01/1987,4/30/1992,2.5051334702258727,4.832306639288158,0,1,31.21697467488022
133,7/01/1987,6/30/1991,2.5051334702258727,3.997262149212868,0,0,31.003422313483917
134,7/01/1987,9/30/1992,2.5051334702258727,5.25119780971937,1,0,35.20876112251882
135,7/01/1987,8/15/1990,2.5051334702258727,3.1238877481177276,0,0,30.269678302532512
136,7/01/1987,9/30/1992,2.5051334702258727,5.25119780971937,1,0,35.110198494182065
137,7/01/1987,9/30/1992,2.5051334702258727,5.25119780971937,1,0,32.035592060232716
138,7/01/1987,6/21/1990,2.5051334702258727,2.973305954825462,0,0,28.555783709787818
139,7/01/1987,6/30/1991,2.5051334702258727,3.997262149212868,0,0,31.006160164271048
140,7/01/1987,6/30/1990,2.5051334702258727,2.9979466119096507,0,0,28.295687885010267
141,7/01/1987,6/30/1991,2.5051334702258727,3.997262149212868,0,0,32.46817248459959
142,7/01/1987,6/30/1991,2.5051334702258727,3.997262149212868,0,0,30.77344284736482
144,7/01/1987,6/30/1990,2.5051334702258727,2.9979466119096507,0,0,31.77549623545517
145,7/01/1987,6/30/1991,2.5051334702258727,3.997262149212868,0,0,37.26488706365503
146,7/01/1987,6/30/1991,2.5051334702258727,3.997262149212868,0,0,28.501026694045173
147,7/01/1987,7/01/1991,2.5051334702258727,4,0,0,35.59479808350445
148,7/01/1987,9/30/1992,2.5051334702258727,5.25119780971937,1,0,32.558521560574945
149,7/01/1987,6/30/1990,2.5051334702258727,2.9979466119096507,0,0,30.2258726899384
150,7/01/1987,6/30/1991,2.5051334702258727,3.997262149212868,0,0,32.24093086926762
151,7/01/1987,6/30/1990,2.5051334702258727,2.9979466119096507,0,0,28.97741273100616
152,7/01/1987,7/30/1992,2.5051334702258727,5.08145106091718,0,0,36.64613278576318
153,7/01/1987,6/30/1991,2.5051334702258727,3.997262149212868,0,0,27.707049965776864
154,7/01/1987,11/16/1990,2.5051334702258727,3.378507871321013,0,0,30.04243668720055
155,7/01/1987,7/31/1990,2.5051334702258727,3.082819986310746,0,0,32.24640657084189
156,7/01/1987,6/30/1991,2.5051334702258727,3.997262149212868,0,0,31.797399041752225
157,7/01/1987,9/30/1992,2.5051334702258727,5.25119780971937,1,1,29.61259411362081
158,7/01/1987,6/30/1990,2.5051334702258727,2.9979466119096507,0,0,32.355920602327174
160,7/05/1987,7/19/1991,2.4941820670773445,4.03832991101985,0,0,38.521560574948666
161,7/06/1987,9/30/1992,2.4914442162902124,5.23750855578371,1,0,28.197125256673512
162,7/06/1987,6/01/1990,2.4914442162902124,2.9048596851471595,0,0,31.28268309377139
163,7/06/1987,8/31/1990,2.4914442162902124,3.154004106776181,0,0,29.78781656399726
164,7/06/1987,9/30/1992,2.4914442162902124,5.23750855578371,1,0,39.11841204654346
165,7/06/1987,7/05/1991,2.4914442162902124,3.997262149212868,0,0,33.24572210814511
166,7/06/1987,4/30/1991,2.4914442162902124,3.8165639972621492,0,0,33.661875427789184
167,7/06/1987,7/04/1991,2.4914442162902124,3.994524298425736,0,0,29.01574264202601
168,7/06/1987,7/05/1991,2.4914442162902124,3.997262149212868,0,0,28.522929500342233
169,7/06/1987,9/30/1992,2.4914442162902124,5.23750855578371,1,1,29.30321697467488
170,7/06/1987,3/08/1991,2.4914442162902124,3.671457905544148,0,0,29.177275838466805
171,7/06/1987,9/30/1992,2.4914442162902124,5.23750855578371,1,0,29.21286789869952
172,7/06/1987,7/05/1990,2.4914442162902124,2.9979466119096507,0,0,29.360711841204655
173,7/06/1987,9/30/1992,2.4914442162902124,5.23750855578371,1,0,36.44900752908966
174,7/06/1987,7/05/1992,2.4914442162902124,4.999315537303217,0,0,26.73511293634497
176,7/06/1987,7/05/1990,2.4914442162902124,2.9979466119096507,0,0,31.290896646132786
177,7/06/1987,7/05/1990,2.4914442162902124,2.9979466119096507,0,0,29.76865160848734
178,7/06/1987,7/05/1991,2.4914442162902124,3.997262149212868,0,0,29.66735112936345
179,7/06/1987,6/30/1991,2.4914442162902124,3.9835728952772076,0,0,35.676933607118414
180,7/06/1987,6/28/1991,2.4914442162902124,3.978097193702943,0,0,30.31895961670089
181,7/07/1987,9/30/1992,2.48870636550308,5.234770704996578,1,0,28.95003422313484
182,7/07/1987,6/30/1990,2.48870636550308,2.9815195071868583,0,0,28.57221081451061
183,7/08/1987,7/07/1990,2.485968514715948,2.9979466119096507,0,0,30.981519507186857
184,7/08/1987,7/07/1991,2.485968514715948,3.997262149212868,0,0,28.92539356605065
185,7/08/1987,7/07/1990,2.485968514715948,2.9979466119096507,0,0,29.505817932922657
186,7/12/1987,7/15/1991,2.4750171115674195,4.008213552361396,0,0,29.10609171800137
187,7/13/1987,7/12/1991,2.4722792607802875,3.997262149212868,0,0,29.09240246406571
188,7/13/1987,7/12/1991,2.4722792607802875,3.997262149212868,0,0,28.53388090349076
189,7/13/1987,9/30/1992,2.4722792607802875,5.218343600273785,1,0,30.962354551676935
190,7/13/1987,7/12/1990,2.4722792607802875,2.9979466119096507,0,0,30.55715263518138
192,7/13/1987,7/12/1991,2.4722792607802875,3.997262149212868,0,0,28.80766598220397
193,7/13/1987,10/21/1990,2.4722792607802875,3.274469541409993,0,0,28.870636550308006
194,7/13/1987,7/12/1991,2.4722792607802875,3.997262149212868,0,0,28.468172484599588
195,7/13/1987,7/12/1990,2.4722792607802875,2.9979466119096507,0,0,28.55852156057495
196,7/13/1987,7/14/1991,2.4722792607802875,4.002737850787132,0,0,30.34633812457221
197,7/13/1987,9/30/1992,2.4722792607802875,5.218343600273785,1,0,29.8507871321013
198,7/13/1987,7/12/1991,2.4722792607802875,3.997262149212868,0,0,35.59753593429158
199,7/13/1987,7/13/1991,2.4722792607802875,4,0,0,30.001368925393567
200,7/13/1987,9/28/1990,2.4722792607802875,3.2114989733059547,0,0,30.39835728952772
201,7/13/1987,7/12/1990,2.4722792607802875,2.9979466119096507,0,0,29.921971252566735
202,7/14/1987,1/06/1992,2.4695414099931554,4.48186173853525,0,0,31.279945242984258
203,7/15/1987,7/14/1991,2.4668035592060233,3.997262149212868,0,0,28.42984257357974
204,7/15/1987,6/30/1990,2.4668035592060233,2.9596167008898013,0,0,26.33538672142368
205,7/15/1987,12/01/1990,2.4668035592060233,3.381245722108145,0,0,31.838466803559207
206,7/15/1987,7/14/1991,2.4668035592060233,3.997262149212868,0,0,40.76386036960986
208,7/15/1987,12/01/1990,2.4668035592060233,3.381245722108145,0,0,32.276522929500345
209,7/15/1987,9/30/1992,2.4668035592060233,5.212867898699521,1,0,28.955509924709105
210,7/15/1987,7/14/1990,2.4668035592060233,2.9979466119096507,0,0,29.53867214236824
211,7/15/1987,9/30/1992,2.4668035592060233,5.212867898699521,1,0,32.31485284052019
212,7/15/1987,7/14/1991,2.4668035592060233,3.997262149212868,0,0,32.31759069130732
213,7/15/1987,7/14/1991,2.4668035592060233,3.997262149212868,0,0,38.40109514031485
214,7/16/1987,7/15/1991,2.4640657084188913,3.997262149212868,0,0,34.51334702258727
215,7/16/1987,6/09/1992,2.4640657084188913,4.900752908966461,0,0,32.50376454483231
216,7/17/1987,9/30/1992,2.461327857631759,5.207392197125257,1,0,29.574264202600958
217,7/17/1987,6/17/1991,2.461327857631759,3.917864476386037,0,0,29.672826830937716
218,7/19/1987,9/30/1992,2.455852156057495,5.201916495550993,1,0,29.8507871321013
219,7/20/1987,7/30/1990,2.4531143052703626,3.028062970568104,0,0,30.015058179329227
220,7/20/1987,7/05/1991,2.4531143052703626,3.9589322381930185,0,0,30.409308692676248
221,7/20/1987,7/19/1990,2.4531143052703626,2.9979466119096507,0,0,30.223134839151268
222,7/20/1987,9/30/1992,2.4531143052703626,5.19917864476386,1,0,29.22655715263518
224,7/20/1987,7/19/1991,2.4531143052703626,3.997262149212868,0,0,31.46611909650924
225,7/20/1987,7/19/1991,2.4531143052703626,3.997262149212868,0,0,28.583162217659137
226,7/21/1987,9/30/1992,2.4503764544832305,5.196440793976728,1,0,28.971937029431896
227,7/21/1987,7/20/1991,2.4503764544832305,3.997262149212868,0,0,40.813141683778234
228,7/23/1987,7/22/1990,2.4449007529089664,2.9979466119096507,0,0,30.50239561943874
229,7/24/1987,9/30/1992,2.4421629021218343,5.188227241615332,1,0,32.90622861054072
230,7/27/1987,9/30/1992,2.433949349760438,5.1800136892539355,1,0,39.08555783709788
231,7/27/1987,7/16/1992,2.433949349760438,4.971937029431896,0,0,33.23750855578371
232,7/27/1987,2/15/1990,2.433949349760438,2.5571526351813825,0,0,29.88911704312115
233,7/27/1987,8/21/1992,2.433949349760438,5.070499657768652,0,0,30.028747433264886
234,8/01/1987,9/30/1992,2.4202600958247777,5.166324435318275,1,1,33.81245722108145
235,8/01/1987,9/30/1992,2.4202600958247777,5.166324435318275,1,0,35.96167008898015
236,8/01/1987,7/31/1990,2.4202600958247777,2.9979466119096507,0,0,32.24093086926762
237,8/01/1987,10/15/1991,2.4202600958247777,4.205338809034908,0,0,30.409308692676248
238,8/01/1987,11/30/1991,2.4202600958247777,4.331279945242985,0,0,31.211498973305954
240,8/01/1987,7/31/1991,2.4202600958247777,3.997262149212868,0,0,28.725530458590008
241,8/01/1987,7/31/1991,2.4202600958247777,3.997262149212868,0,0,31.923340177960302
242,8/01/1987,7/15/1991,2.4202600958247777,3.9534565366187544,0,0,30.135523613963038
243,8/01/1987,8/10/1990,2.4202600958247777,3.025325119780972,0,0,30.535249828884325
244,8/02/1987,8/01/1990,2.4175222450376452,2.9979466119096507,0,0,28.54757015742642
245,8/02/1987,9/30/1992,2.4175222450376452,5.163586584531143,1,0,45.817932922655714
246,8/03/1987,9/30/1992,2.414784394250513,5.160848733744011,1,0,29.1854893908282
247,8/03/1987,8/03/1990,2.414784394250513,3.0006844626967832,0,0,32.03832991101985
248,8/03/1987,3/31/1991,2.414784394250513,3.6577686516084875,0,0,27.71252566735113
249,8/05/1987,8/04/1990,2.409308692676249,2.9979466119096507,0,0,32.629705681040384
250,8/10/1987,8/09/1990,2.3956194387405887,2.9979466119096507,0,0,39.98904859685147
251,8/10/1987,9/30/1992,2.3956194387405887,5.1416837782340865,1,1,33.21286789869952
252,8/15/1987,2/15/1992,2.3819301848049284,4.503764544832307,0,1,31.38398357289528
253,8/15/1987,8/15/1991,2.3819301848049284,4,0,0,37.1937029431896
254,8/15/1987,8/14/1991,2.3819301848049284,3.997262149212868,0,0,30.576317590691307
256,8/17/1987,7/19/1991,2.3764544832306638,3.920602327173169,0,0,33.1088295687885
257,8/24/1987,9/30/1992,2.3572895277207393,5.103353867214237,1,0,30.543463381245722
258,8/24/1987,9/30/1992,2.3572895277207393,5.103353867214237,1,1,32.511978097193705
259,8/28/1987,8/15/1992,2.346338124572211,4.9664613278576315,0,0,33.478439425051334
260,8/30/1987,7/05/1991,2.3408624229979464,3.8466803559206024,0,0,32.68446269678302
261,8/31/1987,8/30/1991,2.3381245722108144,3.997262149212868,0,0,28.643394934976044
262,8/31/1987,8/30/1991,2.3381245722108144,3.997262149212868,0,0,30.68309377138946
263,9/01/1987,7/13/1990,2.3353867214236823,2.863791923340178,0,0,31.474332648870636
264,9/09/1987,8/31/1990,2.3134839151266258,2.976043805612594,0,0,29.700205338809035
265,9/13/1987,9/30/1992,2.302532511978097,5.048596851471594,1,1,34.30527036276523
266,9/21/1987,9/30/1992,2.2806297056810405,5.026694045174538,1,1,37.719370294318956
267,9/28/1987,12/20/1990,2.2614647501711156,3.2279260780287475,0,1,33.31690622861054
268,9/28/1987,9/27/1990,2.2614647501711156,2.9979466119096507,0,0,30.409308692676248
269,10/01/1987,9/30/1992,2.2532511978097194,4.999315537303217,1,0,34.85831622176591
270,10/01/1987,9/30/1992,2.2532511978097194,4.999315537303217,1,0,43.474332648870636
272,10/12/1987,9/30/1992,2.223134839151266,4.969199178644764,1,1,34.7378507871321
273,10/18/1987,10/18/1990,2.206707734428474,3.0006844626967832,0,0,29.776865160848732
274,11/04/1987,9/30/1992,2.1601642710472277,4.906228610540725,1,0,36.38603696098563
275,11/23/1987,7/31/1990,2.108145106091718,2.6858316221765914,0,0,50.16290212183436
276,12/01/1987,5/31/1990,2.086242299794661,2.4969199178644765,0,0,31.197809719370294
277,12/01/1987,6/29/1990,2.086242299794661,2.5763175906913074,0,0,32.016427104722794
278,1/08/1988,12/20/1991,1.9822039698836413,3.9479808350444903,0,0,40.41067761806981
279,1/19/1988,9/30/1991,1.9520876112251881,3.696098562628337,0,0,31.901437371663246
280,2/01/1988,9/30/1992,1.9164955509924708,4.662559890485968,1,0,31.45516769336071
281,2/08/1988,2/07/1992,1.8973305954825461,3.997262149212868,0,0,27.980835044490075
282,3/06/1988,7/08/1992,1.8234086242299794,4.339493497604381,0,0,32.63791923340178
283,3/07/1988,5/31/1991,1.8206707734428473,3.2306639288158796,0,0,31.247091033538673
284,4/01/1988,7/20/1990,1.7522245037645447,2.299794661190965,0,0,29.82067077344285
285,4/01/1988,9/30/1992,1.7522245037645447,4.498288843258043,1,0,30.06160164271047
286,5/02/1988,6/30/1990,1.6673511293634498,2.1601642710472277,0,0,32.29295003422313
288,6/01/1988,9/30/1992,1.5852156057494866,4.331279945242985,1,0,39.397672826830934
289,6/01/1988,10/15/1991,1.5852156057494866,3.370294318959617,0,0,32.9637234770705
290,6/01/1988,9/30/1992,1.5852156057494866,4.331279945242985,1,0,34.42573579739904
291,6/01/1988,9/30/1992,1.5852156057494866,4.331279945242985,1,0,34.96235455167693
292,6/01/1988,2/28/1990,1.5852156057494866,1.7440109514031485,0,0,31.50718685831622
293,6/06/1988,11/10/1990,1.571526351813826,2.428473648186174,0,0,30.899383983572896
294,6/09/1988,12/27/1991,1.5633127994524298,3.5482546201232035,0,1,34.59822039698837
295,6/13/1988,6/23/1992,1.5523613963039014,4.027378507871321,0,1,31.95071868583162
296,6/15/1988,6/14/1990,1.5468856947296372,1.995893223819302,0,0,33.1937029431896
297,6/20/1988,1/21/1991,1.5331964407939767,2.5872689938398357,0,0,30.954140999315538
298,6/22/1988,7/15/1990,1.5277207392197125,2.0616016427104724,0,0,30.362765229295004
299,7/01/1988,9/30/1992,1.5030800821355237,4.249144421629021,1,0,33.489390828199866
300,7/01/1988,9/30/1992,1.5030800821355237,4.249144421629021,1,0,29.71937029431896
301,7/01/1988,9/30/1992,1.5030800821355237,4.249144421629021,1,0,33.01848049281314
302,7/01/1988,9/30/1992,1.5030800821355237,4.249144421629021,1,0,39.14031485284052
304,7/01/1988,9/30/1992,1.5030800821355237,4.249144421629021,1,1,33.23203285420944
305,7/01/1988,6/30/1991,1.5030800821355237,2.9952087611225187,0,0,39.61396303901437
306,7/02/1988,12/01/1990,1.5003422313483916,2.414784394250513,0,0,30.82546201232033
307,7/05/1988,6/30/1990,1.4921286789869952,1.9849418206707734,0,0,31.6249144421629
308,7/06/1988,7/05/1992,1.4893908281998631,3.997262149212868,0,0,33.073237508555785
309,7/08/1988,5/31/1991,1.483915126625599,2.8939082819986313,0,0,33.319644079397676
310,7/11/1988,7/10/1991,1.4757015742642026,2.9952087611225187,0,0,32.257357973990416
311,7/11/1988,3/14/1991,1.4757015742642026,2.6721423682409307,0,0,30.067077344284737
312,7/11/1988,9/30/1992,1.4757015742642026,4.2217659137577,1,0,32.8104038329911
313,7/11/1988,7/10/1990,1.4757015742642026,1.995893223819302,0,0,29.193702943189596
314,7/15/1988,12/01/1990,1.4647501711156743,2.379192334017796,0,0,33.74401095140315
315,7/15/1988,9/30/1992,1.4647501711156743,4.210814510609172,1,0,31.540041067761805
316,7/15/1988,9/30/1992,1.4647501711156743,4.210814510609172,1,0,40.837782340862425
317,7/16/1988,12/01/1990,1.462012320328542,2.3764544832306638,0,0,31.57015742642026
318,7/18/1988,6/12/1990,1.4565366187542779,1.9000684462696784,0,0,32.002737850787135
320,7/18/1988,9/30/1992,1.4565366187542779,4.202600958247776,1,0,30.20123203285421
321,7/18/1988,9/30/1992,1.4565366187542779,4.202600958247776,1,0,33.21286789869952
322,7/18/1988,7/17/1991,1.4565366187542779,2.9952087611225187,0,0,30.409308692676248
323,7/18/1988,9/30/1992,1.4565366187542779,4.202600958247776,1,1,30.82819986310746
324,7/18/1988,7/01/1990,1.4565366187542779,1.9520876112251881,0,0,28.870636550308006
325,7/20/1988,7/31/1991,1.4510609171800137,3.028062970568104,0,0,31.310061601642712
326,7/25/1988,7/26/1992,1.4373716632443532,4.002737850787132,0,0,33.4839151266256
327,7/27/1988,9/30/1992,1.431895961670089,4.177960301163586,1,0,30.209445585215605
328,7/31/1988,7/31/1992,1.4209445585215605,4,0,0,29.93839835728953
329,8/01/1988,8/01/1990,1.4182067077344285,1.998631074606434,0,0,28.019164955509925
330,8/01/1988,9/30/1992,1.4182067077344285,4.164271047227926,1,0,32.49007529089665
331,8/01/1988,7/31/1991,1.4182067077344285,2.9952087611225187,0,0,30.92950034223135
332,8/01/1988,9/30/1992,1.4182067077344285,4.164271047227926,1,0,37.93292265571527
333,8/01/1988,6/09/1991,1.4182067077344285,2.8528405201916494,0,0,29.713894592744694
334,8/01/1988,9/30/1992,1.4182067077344285,4.164271047227926,1,0,28.32306639288159
336,8/01/1988,7/31/1992,1.4182067077344285,3.997262149212868,0,0,33.18275154004107
337,8/01/1988,9/30/1992,1.4182067077344285,4.164271047227926,1,1,33.92470910335387
338,8/01/1988,9/30/1992,1.4182067077344285,4.164271047227926,1,0,32.8870636550308
339,8/01/1988,9/30/1992,1.4182067077344285,4.164271047227926,1,0,30.77891854893908
340,8/01/1988,7/31/1992,1.4182067077344285,3.997262149212868,0,0,32.89801505817933
341,8/08/1988,8/07/1992,1.3990417522245038,3.997262149212868,0,0,30.7378507871321
342,8/08/1988,12/26/1990,1.3990417522245038,2.3819301848049284,0,0,33.5605749486653
343,8/08/1988,9/30/1992,1.3990417522245038,4.145106091718001,1,1,29.765913757700204
344,8/12/1988,9/30/1992,1.3880903490759753,4.134154688569473,1,0,36.05749486652977
345,8/14/1988,12/13/1991,1.3826146475017111,3.3292265571526354,0,0,32.2299794661191
346,8/15/1988,8/14/1990,1.379876796714579,1.995893223819302,0,0,35.46885694729637
347,8/15/1988,9/30/1992,1.379876796714579,4.125941136208077,1,0,34.51334702258727
348,8/19/1988,9/30/1992,1.3689253935660506,4.114989733059549,1,0,31.312799452429843
349,8/29/1988,1/03/1990,1.3415468856947297,1.3470225872689938,0,0,37.53593429158111
350,9/05/1988,9/04/1992,1.322381930184805,3.997262149212868,0,0,36.668035592060235
352,9/12/1988,10/19/1990,1.3032169746748803,2.099931553730322,0,0,34.23134839151266
353,10/01/1988,7/17/1990,1.2511978097193703,1.7905544147843941,0,0,32.158795345653665
354,10/01/1988,9/15/1991,1.2511978097193703,2.954140999315537,0,0,32.09308692676249
355,10/03/1988,11/01/1991,1.2457221081451062,3.077344284736482,0,0,37.09240246406571
356,10/05/1988,9/30/1992,1.2402464065708418,3.9863107460643397,1,0,33.16084873374401
357,10/08/1988,9/30/1992,1.2320328542094456,3.978097193702943,1,0,32.6735112936345
358,10/11/1988,8/18/1990,1.2238193018480492,1.8507871321013005,0,0,34.04517453798768
359,10/11/1988,9/30/1992,1.2238193018480492,3.969883641341547,1,0,30.8911704312115
360,10/24/1988,9/30/1992,1.1882272416153319,3.9342915811088295,1,0,38.625598904859686
361,10/30/1988,9/30/1992,1.1718001368925393,3.917864476386037,1,0,30.379192334017795
362,10/31/1988,9/30/1992,1.1690622861054072,3.915126625598905,1,0,30.38466803559206
363,10/31/1988,5/09/1991,1.1690622861054072,2.518822724161533,0,0,39.526351813826146
364,11/01/1988,9/30/1992,1.1663244353182751,3.912388774811773,1,0,31.38945927446954
365,11/01/1988,1/17/1992,1.1663244353182751,3.2087611225188226,0,0,38.822724161533195
366,11/01/1988,6/30/1990,1.1663244353182751,1.6591375770020533,0,0,32.616016427104725
368,11/06/1988,8/03/1990,1.1526351813826146,1.7385352498288844,0,0,38.19028062970568
369,11/17/1988,9/30/1992,1.1225188227241616,3.868583162217659,1,0,41.1937029431896
370,12/01/1988,9/30/1992,1.0841889117043122,3.8302532511978096,1,0,36.34496919917864
371,12/13/1988,9/30/1992,1.051334702258727,3.7973990417522243,1,0,30.913073237508556
372,1/02/1989,9/30/1992,0.9965776865160849,3.7426420260095825,1,0,38.757015742642025
373,1/16/1989,1/15/1991,0.9582477754962354,1.995893223819302,0,0,33.45379876796714
374,1/18/1989,9/30/1992,0.9527720739219713,3.698836413415469,1,0,29.744010951403148
375,1/23/1989,11/10/1990,0.9390828199863107,1.7960301163586585,0,0,35.800136892539356
376,2/01/1989,9/30/1992,0.9144421629021219,3.6605065023956196,1,0,32.4435318275154
377,2/09/1989,2/09/1992,0.892539356605065,2.9979466119096507,0,0,32.9719370294319
378,2/13/1989,9/30/1992,0.8815879534565366,3.6276522929500343,1,0,34.48870636550308
379,2/15/1989,9/30/1992,0.8761122518822724,3.62217659137577,1,0,32.62422997946612
380,3/01/1989,5/31/1992,0.837782340862423,3.249828884325804,0,0,37.93292265571527
381,3/06/1989,9/30/1992,0.8240930869267625,3.57015742642026,1,0,35.31553730321698
382,4/01/1989,9/30/1992,0.7529089664613279,3.4989733059548254,1,0,68.97467488021903
384,4/01/1989,9/30/1992,0.7529089664613279,3.4989733059548254,1,0,32.39151266255989
385,4/01/1989,3/31/1992,0.7529089664613279,2.9979466119096507,0,0,33.308692676249144
386,4/03/1989,9/30/1992,0.7474332648870636,3.4934976043805612,1,0,31.175906913073238
387,4/19/1989,3/26/1991,0.70362765229295,1.9329226557152634,0,0,32.24366872005476
388,5/01/1989,8/14/1990,0.6707734428473648,1.2867898699520877,0,0,32.591375770020534
389,5/01/1989,1/04/1991,0.6707734428473648,1.678302532511978,0,0,33.57973990417522
390,5/10/1989,9/30/1992,0.6461327857631759,3.3921971252566734,1,1,30.713210130047912
391,5/10/1989,9/30/1992,0.6461327857631759,3.3921971252566734,1,0,35.41683778234086
392,5/22/1989,3/15/1991,0.6132785763175906,1.8124572210814511,0,0,32.837782340862425
393,6/04/1989,10/03/1990,0.5776865160848734,1.3305954825462012,0,0,31.84394250513347
394,6/04/1989,7/01/1991,0.5776865160848734,2.0725530458590007,0,0,32.878850102669404
395,6/04/1989,7/15/1992,0.5776865160848734,3.1129363449691994,0,0,41.21286789869952
396,6/08/1989,7/09/1992,0.5667351129363449,3.0855578370978782,0,0,38.757015742642025
397,6/12/1989,9/30/1992,0.5557837097878165,3.3018480492813143,1,1,33.39356605065024
398,6/12/1989,9/30/1992,0.5557837097878165,3.3018480492813143,1,0,35.50992470910335
400,6/17/1989,9/30/1992,0.5420944558521561,3.2881587953456535,1,0,31.915126625598905
401,6/19/1989,12/30/1991,0.5366187542778919,2.529774127310062,0,0,34.10814510609172
402,6/19/1989,9/30/1992,0.5366187542778919,3.2826830937713893,1,0,29.623545516769337
403,7/01/1989,9/30/1992,0.5037645448323066,3.249828884325804,1,0,31.33744010951403
404,7/01/1989,10/30/1991,0.5037645448323066,2.329911019849418,0,0,34.732375085557834
405,7/01/1989,9/30/1992,0.5037645448323066,3.249828884325804,1,0,30.84188911704312
406,7/01/1989,11/23/1991,0.5037645448323066,2.3956194387405887,0,0,32.818617385352496
407,7/01/1989,9/30/1992,0.5037645448323066,3.249828884325804,1,0,30.72416153319644
408,7/01/1989,7/02/1992,0.5037645448323066,3.0034223134839153,0,0,33.54688569472964
409,7/01/1989,9/30/1992,0.5037645448323066,3.249828884325804,1,0,36.69267624914442
410,7/01/1989,7/31/1992,0.5037645448323066,3.082819986310746,0,0,29.1854893908282
411,7/01/1989,8/15/1992,0.5037645448323066,3.1238877481177276,0,0,33.23477070499658
412,7/01/1989,6/30/1990,0.5037645448323066,0.9965776865160849,0,0,33.22655715263518
413,7/01/1989,8/31/1990,0.5037645448323066,1.1663244353182751,0,0,31.496235455167692
414,7/01/1989,6/30/1992,0.5037645448323066,2.9979466119096507,0,0,28.56399726214921
416,7/01/1989,9/30/1992,0.5037645448323066,3.249828884325804,1,0,40.643394934976044
417,7/01/1989,9/30/1992,0.5037645448323066,3.249828884325804,1,0,38.012320328542096
418,7/01/1989,9/30/1992,0.5037645448323066,3.249828884325804,1,0,34.053388090349074
419,7/02/1989,8/03/1990,0.5010266940451745,1.0869267624914443,0,0,32.05749486652977
420,7/03/1989,7/02/1991,0.49828884325804246,1.995893223819302,0,0,29.659137577002053
421,7/03/1989,9/30/1992,0.49828884325804246,3.24435318275154,1,0,34.43394934976044
422,7/03/1989,9/30/1992,0.49828884325804246,3.24435318275154,1,0,32.12320328542094
423,7/03/1989,9/30/1992,0.49828884325804246,3.24435318275154,1,0,42.110882956878854
424,7/03/1989,9/30/1992,0.49828884325804246,3.24435318275154,1,0,29.905544147843944
425,7/03/1989,6/28/1991,0.49828884325804246,1.9849418206707734,0,0,43.15947980835045
426,7/05/1989,7/04/1991,0.4928131416837782,1.995893223819302,0,1,34.6611909650924
427,7/05/1989,9/30/1992,0.4928131416837782,3.238877481177276,1,0,29.9958932238193
428,7/05/1989,7/04/1991,0.4928131416837782,1.995893223819302,0,0,30.321697467488022
429,7/05/1989,9/01/1992,0.4928131416837782,3.159479808350445,0,1,35.60301163586585
430,7/07/1989,7/12/1991,0.487337440109514,2.0123203285420943,0,0,30.91854893908282
432,7/10/1989,9/30/1992,0.4791238877481177,3.2251882272416155,1,0,36.35318275154004
433,7/10/1989,9/30/1992,0.4791238877481177,3.2251882272416155,1,0,40.271047227926076
434,7/10/1989,9/30/1992,0.4791238877481177,3.2251882272416155,1,0,28.125941136208077
435,7/11/1989,7/04/1992,0.47638603696098564,2.9815195071868583,0,0,32.06570841889117
436,7/14/1989,9/30/1992,0.4681724845995893,3.2142368240930868,1,0,32.11772758384668
437,7/14/1989,8/31/1990,0.4681724845995893,1.1307323750855578,0,0,30.80082135523614
438,7/14/1989,7/14/1991,0.4681724845995893,1.998631074606434,0,0,38.417522245037645
439,7/15/1989,9/30/1992,0.4654346338124572,3.2114989733059547,1,0,33.78507871321013
440,7/15/1989,9/30/1992,0.4654346338124572,3.2114989733059547,1,0,28.95003422313484
441,7/15/1989,10/28/1991,0.4654346338124572,2.2861054072553046,0,0,32.369609856262834
442,7/15/1989,9/30/1992,0.4654346338124572,3.2114989733059547,1,1,30.255989048596852
443,7/15/1989,9/30/1992,0.4654346338124572,3.2114989733059547,1,0,34.25325119780972
444,7/16/1989,9/30/1992,0.46269678302532513,3.2087611225188226,1,0,31.704312114989733
445,7/17/1989,9/30/1992,0.459958932238193,3.2060232717316905,1,0,36.50102669404517
446,7/17/1989,7/16/1990,0.459958932238193,0.9965776865160849,0,0,33.72758384668035
448,7/17/1989,9/30/1992,0.459958932238193,3.2060232717316905,1,0,32.23545516769336
449,7/17/1989,6/03/1992,0.459958932238193,2.8802190280629705,0,0,37.93292265571527
450,7/17/1989,9/30/1992,0.459958932238193,3.2060232717316905,1,0,34.105407255304584
451,7/17/1989,9/30/1992,0.459958932238193,3.2060232717316905,1,0,42.37371663244353
452,7/17/1989,9/30/1992,0.459958932238193,3.2060232717316905,1,0,32.087611225188226
453,7/17/1989,7/16/1992,0.459958932238193,2.9979466119096507,0,0,32.62149212867899
454,7/17/1989,7/16/1991,0.459958932238193,1.995893223819302,0,0,37.01574264202601
455,7/17/1989,3/31/1991,0.459958932238193,1.702943189596167,0,0,29.883641341546884
456,7/17/1989,7/17/1990,0.459958932238193,0.999315537303217,0,0,35.58932238193019
457,7/18/1989,9/30/1992,0.45722108145106094,3.2032854209445585,1,0,30.590006844626966
458,7/23/1989,7/22/1990,0.44353182751540043,0.9965776865160849,0,0,32.65160848733744
459,7/24/1989,9/30/1992,0.4407939767282683,3.186858316221766,1,0,34.40657084188912
460,7/24/1989,9/30/1992,0.4407939767282683,3.186858316221766,1,0,30.861054072553046
461,7/30/1989,9/30/1992,0.4243668720054757,3.1704312114989732,1,0,36.48459958932238
462,7/31/1989,7/31/1990,0.4216290212183436,0.999315537303217,0,0,30.83915126625599
464,7/31/1989,1/18/1991,0.4216290212183436,1.4674880219028064,0,0,36.64065708418891
465,8/01/1989,4/30/1991,0.4188911704312115,1.7440109514031485,0,0,31.939767282683093
466,8/01/1989,7/31/1990,0.4188911704312115,0.9965776865160849,0,0,42.59000684462697
467,8/01/1989,4/15/1992,0.4188911704312115,2.704996577686516,0,0,32.70362765229295
468,8/01/1989,7/09/1992,0.4188911704312115,2.937713894592745,0,0,28.774811772758383
469,8/01/1989,9/30/1992,0.4188911704312115,3.164955509924709,1,0,37.74401095140315
470,8/03/1989,7/15/1991,0.4134154688569473,1.946611909650924,0,0,31.822039698836413
471,8/07/1989,9/30/1990,0.4024640657084189,1.1471594798083504,0,0,35.97809719370294
472,8/07/1989,9/30/1992,0.4024640657084189,3.1485284052019167,1,0,33.00479123887748
473,8/14/1989,4/24/1991,0.38329911019849416,1.6919917864476386,0,0,33.713894592744694
474,8/14/1989,6/26/1992,0.38329911019849416,2.86652977412731,0,0,33.12251882272416
475,8/14/1989,2/06/1992,0.38329911019849416,2.4804928131416837,0,0,38.34633812457221
476,8/14/1989,8/16/1992,0.38329911019849416,3.0061601642710474,0,0,37.79603011635866
477,8/14/1989,9/30/1992,0.38329911019849416,3.1293634496919918,1,0,31.110198494182068
478,8/14/1989,9/30/1992,0.38329911019849416,3.1293634496919918,1,1,30.89664613278576
480,8/21/1989,7/20/1990,0.36413415468856947,0.9117043121149897,0,0,31.055441478439427
481,8/24/1989,8/23/1992,0.35592060232717315,2.9979466119096507,0,0,38.12731006160164
482,8/30/1989,9/01/1992,0.3394934976043806,3.0061601642710474,0,0,39.26899383983573
483,8/30/1989,9/30/1992,0.3394934976043806,3.0855578370978782,1,0,30.17932922655715
484,9/01/1989,2/14/1992,0.33401779603011633,2.4531143052703626,0,0,28.684462696783026
485,9/01/1989,12/31/1991,0.33401779603011633,2.329911019849418,0,0,29.29226557152635
486,9/01/1989,7/17/1992,0.33401779603011633,2.8747433264887063,0,0,39.04996577686516
487,9/01/1989,2/27/1990,0.33401779603011633,0.49007529089664614,0,0,44.23271731690623
488,9/01/1989,9/30/1992,0.33401779603011633,3.080082135523614,1,0,30.973305954825463
489,9/01/1989,9/30/1992,0.33401779603011633,3.080082135523614,1,0,34.34360027378508
490,9/05/1989,9/30/1992,0.32306639288158795,3.0691307323750854,1,0,45.77138945927447
491,9/05/1989,9/24/1990,0.32306639288158795,1.051334702258727,0,0,34.54072553045859
492,9/14/1989,9/30/1992,0.29842573579739906,3.0444900752908968,1,0,39.60848733744011
493,9/14/1989,11/08/1990,0.29842573579739906,1.1498973305954825,0,0,33.973990417522245
494,9/18/1989,9/30/1992,0.2874743326488706,3.033538672142368,1,0,30.16290212183436
496,9/25/1989,11/04/1990,0.2683093771389459,1.108829568788501,0,0,32.04380561259411
497,9/27/1989,9/30/1992,0.26283367556468173,3.0088980150581794,1,0,28.930869267624914
498,9/29/1989,9/30/1992,0.25735797399041754,3.0034223134839153,1,0,35.60848733744011
499,9/30/1989,9/30/1992,0.2546201232032854,3.0006844626967832,1,0,29.35523613963039
500,10/01/1989,9/30/1992,0.2518822724161533,2.9979466119096507,1,0,33.42094455852156
501,10/01/1989,9/30/1992,0.2518822724161533,2.9979466119096507,1,0,36.427104722792606
502,10/01/1989,9/30/1992,0.2518822724161533,2.9979466119096507,1,0,34.874743326488705
503,10/01/1989,3/01/1991,0.2518822724161533,1.4127310061601643,0,0,37.13347022587269
504,10/01/1989,9/30/1991,0.2518822724161533,1.995893223819302,0,0,35.49623545516769
505,10/02/1989,8/31/1992,0.24914442162902123,2.9130732375085557,0,0,36.12867898699521
506,10/04/1989,10/03/1991,0.243668720054757,1.995893223819302,0,0,31.690622861054074
507,10/09/1989,9/30/1992,0.2299794661190965,2.976043805612594,1,1,35.696098562628336
508,10/10/1989,9/30/1990,0.2272416153319644,0.971937029431896,0,0,33.9958932238193
509,10/10/1989,9/30/1992,0.2272416153319644,2.973305954825462,1,0,41.163586584531146
510,10/23/1989,10/23/1991,0.19164955509924708,1.998631074606434,0,0,37.50581793292265
512,11/01/1989,9/30/1992,0.16700889801505817,2.9130732375085557,1,0,29.256673511293634
513,11/01/1989,9/30/1992,0.16700889801505817,2.9130732375085557,1,0,61.96851471594798
514,11/13/1989,12/21/1990,0.13415468856947296,1.103353867214237,0,0,41.921971252566735
515,11/18/1989,9/30/1992,0.12046543463381246,2.86652977412731,1,0,32.91444216290212
516,11/19/1989,9/30/1992,0.11772758384668036,2.863791923340178,1,1,51.748117727583846
517,11/20/1989,3/03/1991,0.11498973305954825,1.2813141683778233,0,0,33.295003422313485
518,11/20/1989,9/30/1992,0.11498973305954825,2.861054072553046,1,0,29.61259411362081
519,12/01/1989,9/30/1992,0.08487337440109514,2.830937713894593,1,0,35.81108829568789
520,12/06/1989,12/14/1991,0.07118412046543464,2.020533880903491,0,0,36.85694729637235
521,12/11/1989,9/30/1992,0.057494866529774126,2.8035592060232717,1,0,29.13347022587269
522,12/18/1989,9/30/1992,0.038329911019849415,2.784394250513347,1,0,35.22245037645448
523,1/01/1990,7/12/1991,0,1.5249828884325805,0,0,34.38193018480493
524,1/01/1990,6/30/1990,0,0.4928131416837782,0,0,32.323066392881586
525,1/01/1990,9/30/1992,0,2.746064339493498,1,0,39.05544147843943
526,1/02/1990,9/30/1992,0,2.7433264887063653,1,0,33.22108145106092
528,1/02/1990,6/30/1991,0,1.4893908281998631,0,0,35.058179329226554
529,1/02/1990,9/30/1992,0,2.7433264887063653,1,0,37.215605749486656
530,1/02/1990,9/30/1992,0,2.7433264887063653,1,0,40.07939767282683
531,1/02/1990,8/01/1991,0,1.5770020533880904,0,0,32.97467488021903
532,1/08/1990,9/30/1992,0,2.726899383983573,1,0,31.208761122518823
533,1/08/1990,9/30/1992,0,2.726899383983573,1,0,32.68446269678302
534,1/17/1990,9/30/1992,0,2.702258726899384,1,0,43.7015742642026
535,2/01/1990,11/13/1990,0,0.7802874743326489,0,0,34.04791238877481
536,2/19/1990,9/30/1992,0,2.6119096509240247,1,0,31.6249144421629
537,3/05/1990,9/30/1992,0,2.5735797399041753,1,0,44.54757015742642
538,3/12/1990,9/30/1992,0,2.5544147843942504,1,0,36.643394934976044
539,5/09/1990,12/31/1991,0,1.6454483230663928,0,1,39.422313483915126
540,5/15/1990,10/28/1991,0,1.4537987679671458,0,0,33.516769336071185
541,5/20/1990,8/29/1991,0,1.2758384668035592,0,0,35.148528405201915
542,5/21/1990,9/30/1992,0,2.3627652292950034,1,0,34.338124572210816
544,6/04/1990,9/30/1992,0,2.324435318275154,1,1,31.463381245722108
545,6/11/1990,2/23/1991,0,0.70362765229295,0,0,35.97809719370294
546,6/12/1990,6/21/1991,0,1.0239561943874058,0,0,59.66872005475702
547,6/15/1990,9/10/1991,0,1.2375085557837098,0,0,40.388774811772755
548,6/30/1990,9/30/1992,0,2.2532511978097194,1,0,34.65023956194388
549,7/01/1990,9/30/1992,0,2.2505133470225873,1,0,32.824093086926766
550,7/01/1990,9/30/1992,0,2.2505133470225873,1,0,30.795345653661876
551,7/01/1990,7/10/1992,0,2.026009582477755,0,0,29.541409993155373
552,7/01/1990,9/30/1992,0,2.2505133470225873,1,0,36.97741273100616
553,7/01/1990,9/30/1992,0,2.2505133470225873,1,0,40.049281314168375
554,7/01/1990,9/30/1992,0,2.2505133470225873,1,0,38.168377823408626
555,7/01/1990,9/30/1992,0,2.2505133470225873,1,0,31.318275154004105
556,7/01/1990,9/30/1992,0,2.2505133470225873,1,0,30.458590006844627
557,7/01/1990,6/23/1991,0,0.9774127310061602,0,0,33.37166324435318
558,7/01/1990,9/30/1992,0,2.2505133470225873,1,0,31.865845311430526
560,7/02/1990,9/30/1992,0,2.2477754962354553,1,0,30.858316221765914
561,7/02/1990,9/30/1992,0,2.2477754962354553,1,0,34.23682409308692
562,7/02/1990,9/30/1992,0,2.2477754962354553,1,0,34.40930869267625
563,7/06/1990,9/21/1990,0,0.2108145106091718,0,0,34.119096509240244
564,7/06/1990,9/30/1992,0,2.236824093086927,1,0,37.880903490759756
565,7/09/1990,7/15/1992,0,2.0177960301163584,0,0,33.719370294318956
566,7/10/1990,7/09/1992,0,1.998631074606434,0,0,30.31895961670089
567,7/15/1990,7/14/1992,0,1.998631074606434,0,0,28.870636550308006
568,7/15/1990,9/02/1991,0,1.1334702258726899,0,0,29.22381930184805
569,7/16/1990,9/30/1992,0,2.209445585215606,1,0,42.24503764544832
570,7/16/1990,9/30/1992,0,2.209445585215606,1,0,30.80082135523614
571,7/16/1990,9/30/1992,0,2.209445585215606,1,0,38.95687885010267
572,7/16/1990,6/30/1991,0,0.9555099247091033,0,0,30.56810403832991
573,7/16/1990,6/21/1991,0,0.9308692676249144,0,0,37.9192334017796
574,7/16/1990,9/30/1992,0,2.209445585215606,1,0,32.72279260780287
576,7/16/1990,9/30/1992,0,2.209445585215606,1,0,30.39835728952772
577,7/16/1990,9/30/1992,0,2.209445585215606,1,0,29.760438056125942
578,7/18/1990,7/02/1992,0,1.9575633127994525,0,0,30.636550308008214
579,7/20/1990,9/30/1992,0,2.198494182067077,1,0,35.47707049965777
580,7/20/1990,6/11/1992,0,1.894592744695414,0,0,33.782340862423
581,7/23/1990,9/30/1992,0,2.190280629705681,1,0,29.83983572895277
582,7/23/1990,5/08/1992,0,1.7932922655715264,0,0,37.492128678986994
583,7/23/1990,9/30/1992,0,2.190280629705681,1,0,30.844626967830255
584,7/23/1990,9/30/1992,0,2.190280629705681,1,0,32.02190280629706
585,7/23/1990,9/30/1992,0,2.190280629705681,1,0,29.2621492128679
586,7/23/1990,2/28/1992,0,1.6016427104722792,0,0,35.21149897330596
587,7/30/1990,9/30/1992,0,2.1711156741957565,1,0,29.23750855578371
588,8/01/1990,9/30/1992,0,2.1656399726214923,1,0,38.458590006844624
589,8/01/1990,9/30/1992,0,2.1656399726214923,1,0,31.63586584531143
590,8/01/1990,9/30/1992,0,2.1656399726214923,1,0,40.78850102669404
592,8/01/1990,9/30/1992,0,2.1656399726214923,1,0,39.893223819301845
593,8/01/1990,9/30/1992,0,2.1656399726214923,1,0,28.739219712525667
594,8/01/1990,9/30/1992,0,2.1656399726214923,1,0,32.394250513347025
595,8/01/1990,9/30/1992,0,2.1656399726214923,1,0,43.59753593429158
596,8/01/1990,8/01/1992,0,2.001368925393566,0,0,30.704996577686515
597,8/06/1990,12/31/1991,0,1.4017796030116358,0,1,33.18001368925393
598,8/06/1990,5/08/1991,0,0.7529089664613279,0,0,30.455852156057496
599,8/13/1990,9/01/1991,0,1.051334702258727,0,0,36.20807665982204
600,8/15/1990,7/02/1992,0,1.8809034907597535,0,0,37.61806981519507
601,8/15/1990,9/30/1992,0,2.127310061601643,1,0,36.3066392881588
602,8/21/1990,9/30/1992,0,2.11088295687885,1,0,32.47638603696099
603,8/27/1990,9/30/1992,0,2.0944558521560577,1,0,32.70636550308008
604,9/01/1990,8/24/1992,0,1.9794661190965093,0,0,31.863107460643395
605,9/01/1990,9/30/1992,0,2.080766598220397,1,0,35.39493497604381
606,9/04/1990,9/30/1992,0,2.0725530458590007,1,0,32.31485284052019
608,9/09/1990,9/30/1992,0,2.0588637919233403,1,0,37.72758384668035
609,9/10/1990,12/05/1990,0,0.23545516769336072,0,0,32.65434633812457
610,9/10/1990,9/30/1992,0,2.0561259411362083,1,0,32.92265571526352
611,9/10/1990,9/30/1992,0,2.0561259411362083,1,0,40.0082135523614
612,9/17/1990,9/30/1992,0,2.0369609856262834,1,0,31.906913073237508
613,9/20/1990,9/30/1992,0,2.028747433264887,1,0,32.62149212867899
614,9/30/1990,9/30/1992,0,2.001368925393566,1,0,35.017111567419576
615,10/01/1990,6/30/1991,0,0.7446954140999316,0,0,35.748117727583846
616,10/01/1990,1/03/1991,0,0.25735797399041754,0,0,34.743326488706366
617,10/02/1990,1/15/1992,0,1.2867898699520877,0,1,47.87132101300479
618,10/04/1990,3/15/1991,0,0.44353182751540043,0,0,31.249828884325805
619,10/11/1990,9/30/1992,0,1.9712525667351128,1,1,32.20260095824778
620,10/16/1990,8/30/1991,0,0.8706365503080082,0,0,35.16495550992471
621,10/29/1990,9/30/1992,0,1.9219712525667352,1,0,37.76317590691308
622,11/01/1990,9/30/1992,0,1.9137577002053388,1,1,38.09445585215606
624,11/15/1990,9/30/1992,0,1.8754277891854894,1,0,33.295003422313485
625,11/16/1990,9/30/1992,0,1.8726899383983573,1,0,38.04791238877481
626,11/19/1990,1/15/1992,0,1.1553730321697468,0,0,41.054072553045856
627,11/20/1990,8/31/1991,0,0.7775496235455168,0,0,30.822724161533195
628,11/20/1990,9/30/1992,0,1.8617385352498288,1,0,36.77754962354552
629,12/01/1990,9/30/1992,0,1.8316221765913758,1,0,34.31622176591376
630,12/01/1990,9/30/1992,0,1.8316221765913758,1,0,34.209445585215605
631,12/03/1990,9/30/1992,0,1.8261464750171115,1,0,29.14715947980835
632,12/03/1990,9/30/1992,0,1.8261464750171115,1,0,37.46201232032854
633,12/10/1990,7/15/1992,0,1.596167008898015,0,0,43.110198494182065
634,12/10/1990,9/30/1992,0,1.8069815195071868,1,0,30.65845311430527
635,1/01/1991,9/30/1992,0,1.7467488021902806,1,0,35.017111567419576
636,1/01/1991,9/30/1992,0,1.7467488021902806,1,0,37.39630390143737
637,1/02/1991,9/30/1992,0,1.7440109514031485,1,0,31.72621492128679
638,1/02/1991,9/30/1992,0,1.7440109514031485,1,1,34.34907597535934
640,1/11/1991,9/30/1992,0,1.7193702943189597,1,0,35.10198494182067
641,1/16/1991,10/30/1991,0,0.785763175906913,0,0,33.831622176591374
642,1/28/1991,9/30/1992,0,1.672826830937714,1,0,33.779603011635864
643,2/01/1991,3/09/1991,0,0.09856262833675565,0,0,36.101300479123886
644,2/04/1991,7/31/1991,0,0.48459958932238195,0,0,31.06365503080082
645,2/11/1991,9/30/1992,0,1.6344969199178645,1,0,40.41067761806981
646,3/13/1991,9/30/1992,0,1.5523613963039014,1,1,39.34565366187543
647,3/25/1991,9/30/1992,0,1.5195071868583163,1,0,41.7741273100616
648,3/27/1991,8/17/1992,0,1.3935660506502396,0,0,31.709787816564
649,3/31/1991,4/14/1992,0,1.0403832991101984,0,0,34.5845311430527
650,4/01/1991,9/30/1992,0,1.5003422313483916,1,1,34.38193018480493
651,4/19/1991,9/03/1992,0,1.377138945927447,0,0,40.61875427789185
652,4/22/1991,9/30/1992,0,1.4428473648186173,1,0,34.90485968514716
653,5/01/1991,9/30/1992,0,1.4182067077344285,1,0,29.949349760438057
654,6/30/1991,9/30/1992,0,1.2539356605065024,1,1,29.746748802190282
656,7/01/1991,9/30/1992,0,1.2511978097193703,1,0,34.548939082819984
657,7/01/1991,9/30/1992,0,1.2511978097193703,1,0,34.04243668720055
658,7/01/1991,9/30/1992,0,1.2511978097193703,1,0,34.143737166324435
659,7/01/1991,9/30/1992,0,1.2511978097193703,1,0,37.379876796714576
660,7/01/1991,9/30/1992,0,1.2511978097193703,1,0,29.204654346338124
661,7/01/1991,9/30/1992,0,1.2511978097193703,1,0,33.76043805612594
662,7/01/1991,9/30/1992,0,1.2511978097193703,1,0,28.78302532511978
663,7/01/1991,9/30/1992,0,1.2511978097193703,1,0,30.069815195071868
664,7/01/1991,9/30/1992,0,1.2511978097193703,1,0,29.533196440793976
665,7/01/1991,9/30/1992,0,1.2511978097193703,1,0,33.190965092402465
666,7/01/1991,9/30/1992,0,1.2511978097193703,1,0,32.766598220396986
667,7/01/1991,9/30/1992,0,1.2511978097193703,1,0,34.64476386036961
668,7/08/1991,9/30/1992,0,1.2320328542094456,1,0,28.317590691307323
669,7/08/1991,7/08/1992,0,1.002053388090349,0,0,32.681724845995895
670,7/08/1991,9/30/1992,0,1.2320328542094456,1,0,29.013004791238878
672,7/11/1991,9/30/1992,0,1.2238193018480492,1,0,31.32101300479124
673,7/13/1991,9/30/1992,0,1.218343600273785,1,1,49.492128678986994
674,7/15/1991,3/02/1992,0,0.6324435318275154,0,0,35.266255989048595
675,7/15/1991,9/30/1992,0,1.212867898699521,1,0,28.706365503080082
676,7/15/1991,9/30/1992,0,1.212867898699521,1,0,30.817248459958932
677,7/15/1991,9/30/1992,0,1.212867898699521,1,0,33.34428473648186
678,7/15/1991,9/30/1992,0,1.212867898699521,1,0,40.92813141683778
679,7/15/1991,9/30/1992,0,1.212867898699521,1,0,27.83025325119781
680,7/22/1991,7/31/1992,0,1.0266940451745379,0,0,42.12731006160164
681,7/22/1991,9/30/1992,0,1.1937029431895962,1,0,63.68788501026694
682,7/29/1991,9/30/1992,0,1.1745379876796715,1,0,31.60848733744011
683,7/29/1991,9/30/1992,0,1.1745379876796715,1,0,44.525667351129364
684,7/29/1991,9/30/1992,0,1.1745379876796715,1,0,30.770704996577688
685,7/29/1991,9/30/1992,0,1.1745379876796715,1,0,31.808350444900753
686,8/01/1991,9/30/1992,0,1.1663244353182751,1,0,41.08418891170431
688,8/01/1991,9/30/1992,0,1.1663244353182751,1,0,41.489390828199866
689,8/01/1991,9/30/1992,0,1.1663244353182751,1,0,34.31074606433949
690,8/01/1991,6/19/1992,0,0.8843258042436687,0,0,29.127994524298426
691,8/01/1991,9/30/1992,0,1.1663244353182751,1,0,33.23477070499658
692,8/01/1991,9/30/1992,0,1.1663244353182751,1,0,30.086242299794662
693,8/01/1991,9/30/1992,0,1.1663244353182751,1,0,31.698836413415467
694,8/01/1991,9/30/1992,0,1.1663244353182751,1,0,30.064339493497606
695,8/01/1991,1/21/1992,0,0.4736481861738535,0,0,42.275154004106774
696,8/01/1991,9/30/1992,0,1.1663244353182751,1,0,31.534565366187543
697,8/01/1991,9/30/1992,0,1.1663244353182751,1,0,29.763175906913073
698,8/02/1991,9/30/1992,0,1.163586584531143,1,0,33.57700205338809
699,8/05/1991,9/30/1992,0,1.1553730321697468,1,0,29.43463381245722
700,8/05/1991,9/30/1992,0,1.1553730321697468,1,0,37.96577686516085
701,8/05/1991,9/30/1992,0,1.1553730321697468,1,0,30.68583162217659
702,8/05/1991,9/30/1992,0,1.1553730321697468,1,0,30.7378507871321
704,8/12/1991,9/30/1992,0,1.136208076659822,1,0,29.377138945927445
705,8/12/1991,9/30/1992,0,1.136208076659822,1,0,32.101300479123886
706,8/14/1991,9/30/1992,0,1.1307323750855578,1,0,33.163586584531146
707,8/15/1991,9/30/1992,0,1.1279945242984257,1,0,37.869952087611225
708,8/15/1991,9/18/1992,0,1.0951403148528405,0,0,34.65023956194388
709,8/16/1991,9/30/1992,0,1.1252566735112937,1,0,35.017111567419576
710,8/19/1991,9/30/1992,0,1.1170431211498972,1,0,41.106091718001366
711,8/19/1991,9/30/1992,0,1.1170431211498972,1,0,30.595482546201232
712,8/19/1991,4/29/1992,0,0.6954140999315537,0,0,52.4435318275154
713,8/24/1991,9/30/1992,0,1.103353867214237,1,0,44.988364134154686
714,8/26/1991,9/30/1992,0,1.0978781656399725,1,0,40.988364134154686
715,8/26/1991,9/30/1992,0,1.0978781656399725,1,0,42.01779603011636
716,8/26/1991,7/06/1992,0,0.8624229979466119,0,0,36.01095140314853
717,9/01/1991,9/30/1992,0,1.08145106091718,1,0,37.96303901437371
718,9/01/1991,1/31/1992,0,0.4161533196440794,0,0,41.379876796714576
720,9/01/1991,9/30/1992,0,1.08145106091718,1,0,30.10814510609172
721,9/03/1991,9/30/1992,0,1.0759753593429158,1,0,31.912388774811774
722,9/03/1991,9/30/1992,0,1.0759753593429158,1,1,28.580424366872005
723,9/03/1991,9/30/1992,0,1.0759753593429158,1,0,43.05270362765229
724,9/04/1991,9/30/1992,0,1.0732375085557837,1,0,37.4839151266256
725,9/05/1991,9/30/1992,0,1.0704996577686516,1,0,33.12799452429842
726,9/16/1991,9/30/1992,0,1.0403832991101984,1,0,26.718685831622178
727,9/16/1991,9/30/1992,0,1.0403832991101984,1,0,31.520876112251884
728,9/23/1991,9/30/1992,0,1.0212183436002737,1,0,34.68583162217659
729,9/27/1991,9/30/1992,0,1.0102669404517455,1,0,35.35386721423682
730,10/01/1991,9/30/1992,0,0.999315537303217,1,0,36.45722108145106
731,10/07/1991,9/30/1992,0,0.9828884325804244,1,0,34.95687885010267
732,10/07/1991,9/30/1992,0,0.9828884325804244,1,0,32.68446269678302
733,11/01/1991,9/30/1992,0,0.9144421629021219,1,1,42.49418206707735
734,11/04/1991,9/30/1992,0,0.9062286105407256,1,0,64.81587953456537
736,11/15/1991,9/30/1992,0,0.8761122518822724,1,0,43.32375085557837
737,11/18/1991,9/30/1992,0,0.8678986995208761,1,0,42.261464750171115
738,11/22/1991,9/30/1992,0,0.8569472963723477,1,0,29.02943189596167
739,12/01/1991,9/30/1992,0,0.8323066392881588,1,0,29.65366187542779
740,12/16/1991,9/30/1992,0,0.7912388774811773,1,0,29.39630390143737
741,1/03/1992,9/30/1992,0,0.7419575633127995,1,0,38.220396988364136
742,1/17/1992,9/30/1992,0,0.70362765229295,1,0,31.211498973305954
743,2/13/1992,9/30/1992,0,0.6297056810403833,1,0,31.104722792607802
744,2/18/1992,9/30/1992,0,0.6160164271047228,1,0,67.44695414099931
745,2/18/1992,9/30/1992,0,0.6160164271047228,1,0,27.748117727583846
746,2/27/1992,9/30/1992,0,0.5913757700205339,1,0,33.790554414784395
747,3/02/1992,9/30/1992,0,0.5804243668720055,1,0,35.81930184804928
748,3/19/1992,9/30/1992,0,0.5338809034907598,1,0,36.799452429842574
749,3/23/1992,9/30/1992,0,0.5229295003422314,1,0,29.182751540041068
750,4/01/1992,9/30/1992,0,0.49828884325804246,1,0,36.865160848733744
752,4/15/1992,9/30/1992,0,0.459958932238193,1,0,33.347022587268995
753,5/01/1992,9/30/1992,0,0.4161533196440794,1,1,30.590006844626966
754,5/01/1992,9/30/1992,0,0.4161533196440794,1,0,35.37303216974675
755,5/04/1992,9/30/1992,0,0.4079397672826831,1,0,56.8870636550308
756,5/04/1992,9/30/1992,0,0.4079397672826831,1,1,35.619438740588635
757,5/18/1992,9/30/1992,0,0.36960985626283366,1,0,27.84120465434634
758,6/02/1992,9/30/1992,0,0.32854209445585214,1,0,36.90622861054072
759,6/03/1992,9/30/1992,0,0.3258042436687201,1,0,35.30184804928131
760,7/01/1992,9/30/1992,0,0.24914442162902123,1,0,37.53319644079398
761,7/01/1992,9/30/1992,0,0.24914442162902123,1,0,37.549623545516766
762,7/01/1992,9/30/1992,0,0.24914442162902123,1,0,32.38603696098563
763,7/01/1992,9/30/1992,0,0.24914442162902123,1,0,31.783709787816566
764,7/01/1992,9/30/1992,0,0.24914442162902123,1,0,29.467488021902806
765,7/01/1992,9/30/1992,0,0.24914442162902123,1,0,28.733744010951405
766,7/01/1992,9/30/1992,0,0.24914442162902123,1,0,33.63175906913073
768,7/01/1992,9/30/1992,0,0.24914442162902123,1,0,30.401095140314855
769,7/01/1992,9/30/1992,0,0.24914442162902123,1,0,30.811772758384667
770,7/01/1992,9/30/1992,0,0.24914442162902123,1,0,47.3264887063655
771,7/01/1992,9/30/1992,0,0.24914442162902123,1,0,49.8590006844627
772,7/02/1992,9/30/1992,0,0.2464065708418891,1,0,27.73990417522245
773,7/06/1992,9/30/1992,0,0.23545516769336072,1,0,42.86379192334018
774,7/06/1992,9/30/1992,0,0.23545516769336072,1,0,30.05886379192334
775,7/06/1992,9/30/1992,0,0.23545516769336072,1,0,31.29637234770705
776,7/06/1992,9/30/1992,0,0.23545516769336072,1,0,31.411362080766597
777,7/13/1992,9/30/1992,0,0.216290212183436,1,0,35.10746064339494
778,7/13/1992,9/30/1992,0,0.216290212183436,1,0,29.29226557152635
779,7/13/1992,9/30/1992,0,0.216290212183436,1,0,33.93839835728953
780,7/13/1992,9/30/1992,0,0.216290212183436,1,0,34.13278576317591
781,7/13/1992,9/30/1992,0,0.216290212183436,1,0,31.73990417522245
782,7/15/1992,9/30/1992,0,0.2108145106091718,1,0,30.48870636550308
784,7/15/1992,9/30/1992,0,0.2108145106091718,1,0,35.383983572895275
785,7/15/1992,9/30/1992,0,0.2108145106091718,1,1,30.863791923340177
786,7/20/1992,9/30/1992,0,0.1971252566735113,1,0,28.528405201916495
787,7/29/1992,9/30/1992,0,0.17248459958932238,1,0,30.527036276522928
788,8/01/1992,9/30/1992,0,0.16427104722792607,1,0,36.32580424366872
789,8/01/1992,9/30/1992,0,0.16427104722792607,1,0,29.242984257357975
790,8/01/1992,9/30/1992,0,0.16427104722792607,1,0,39.6413415468857
791,8/01/1992,9/30/1992,0,0.16427104722792607,1,0,37.582477754962355
792,8/01/1992,9/30/1992,0,0.16427104722792607,1,1,33.67556468172484
793,8/01/1992,9/30/1992,0,0.16427104722792607,1,0,29.963039014373717
794,8/01/1992,9/30/1992,0,0.16427104722792607,1,0,30.403832991101986
795,8/02/1992,9/30/1992,0,0.16153319644079397,1,0,34.91033538672142
796,8/03/1992,9/30/1992,0,0.15879534565366188,1,0,32.19438740588638
797,8/03/1992,9/30/1992,0,0.15879534565366188,1,0,36.662559890485966
798,8/03/1992,9/30/1992,0,0.15879534565366188,1,0,35.3264887063655
800,8/14/1992,9/30/1992,0,0.12867898699520877,1,1,29.166324435318277
801,8/15/1992,9/30/1992,0,0.12594113620807665,1,0,30.094455852156056
802,8/15/1992,9/30/1992,0,0.12594113620807665,1,0,30.811772758384667
803,8/24/1992,9/30/1992,0,0.10130047912388775,1,0,29.94387405886379
804,8/24/1992,9/30/1992,0,0.10130047912388775,1,0,32.19164955509925
805,8/31/1992,9/30/1992,0,0.08213552361396304,1,0,44
806,8/31/1992,9/30/1992,0,0.08213552361396304,1,0,38.789869952087614
807,9/01/1992,9/30/1992,0,0.07939767282683094,1,0,38.105407255304584
808,9/01/1992,9/30/1992,0,0.07939767282683094,1,0,30.223134839151268
809,9/01/1992,9/30/1992,0,0.07939767282683094,1,0,33.38261464750171
810,9/08/1992,9/30/1992,0,0.06023271731690623,1,1,30.874743326488705
811,9/15/1992,9/30/1992,0,0.04106776180698152,1,1,37.111567419575636
812,9/21/1992,9/30/1992,0,0.024640657084188913,1,0,33.59342915811088
