"id","weeks","censor"
1,0.14,0
2,0.42,1
3,1,0
4,1.28,1
5,1.28,1
6,1.71,1
7,1.85,1
8,1.85,1
9,1.85,1
10,2,1
11,2.14,1
12,2.14,1
13,2.14,1
14,2.28,1
15,2.28,1
16,2.28,1
17,3,1
18,3,1
19,3.14,1
20,3.14,1
21,3.14,1
22,3.14,0
23,3.28,0
24,3.85,1
25,4,1
26,4,1
27,4.14,1
28,4.14,1
29,4.14,1
30,4.14,1
31,4.14,1
32,4.14,1
33,4.14,1
34,4.14,1
35,4.14,1
36,4.14,1
37,4.14,1
38,4.14,1
39,4.14,1
40,4.14,1
41,4.14,1
42,4.14,1
43,4.14,1
44,4.14,1
45,4.14,1
46,4.28,1
47,4.28,0
48,4.28,0
49,4.28,1
50,4.28,1
51,4.28,1
52,4.28,1
53,4.28,1
54,4.28,1
55,4.28,1
56,4.42,0
57,4.57,0
58,4.57,0
59,4.57,0
60,5,1
61,5.14,1
62,5.14,0
63,5.28,1
64,5.28,1
65,5.28,1
66,5.28,1
67,5.28,0
68,5.28,1
69,5.28,1
70,5.28,1
71,5.28,1
72,5.28,1
73,5.28,1
74,5.28,1
75,5.42,1
76,5.71,1
77,5.71,1
78,5.85,0
79,5.85,1
80,6,1
81,6.14,1
82,6.28,1
83,6.28,1
84,6.28,1
85,6.28,0
86,6.28,1
87,6.28,1
88,6.28,1
89,6.28,1
90,6.28,1
91,6.28,0
92,6.28,1
93,6.28,1
94,6.28,1
95,6.28,1
96,6.28,1
97,6.28,1
98,6.42,1
99,6.42,1
100,6.57,1
101,6.57,0
102,6.57,0
103,6.57,0
104,6.57,1
105,6.57,1
106,6.71,1
107,6.85,1
108,7,1
109,7,0
110,7,0
111,7,1
112,7,1
113,7,1
114,7.14,1
115,7.28,1
116,7.28,1
117,7.28,1
118,7.28,1
119,7.28,1
120,7.28,1
121,7.28,1
122,7.28,1
123,7.28,1
124,7.57,1
125,8,0
126,8,1
127,8.14,1
128,8.14,1
129,8.14,1
130,8.28,1
131,8.28,1
132,8.28,1
133,8.28,1
134,8.28,1
135,8.28,1
136,8.28,1
137,8.28,1
138,8.28,1
139,8.28,1
140,8.28,0
141,8.28,1
142,8.28,1
143,8.28,1
144,8.28,1
145,8.28,1
146,8.28,1
147,8.28,1
148,8.28,1
149,8.28,1
150,8.28,1
151,8.28,1
152,8.28,1
153,8.28,1
154,8.28,1
155,8.28,1
156,8.42,1
157,8.42,1
158,8.42,1
159,8.42,1
160,8.57,1
161,8.57,1
162,8.57,1
163,8.57,0
164,8.57,0
165,8.57,1
166,8.57,1
167,8.57,1
168,8.57,1
169,8.57,1
170,8.57,1
171,8.57,1
172,8.57,1
173,8.57,1
174,8.57,1
175,8.57,1
176,8.57,1
177,8.57,0
178,8.57,1
179,8.57,1
180,8.57,1
181,8.57,1
182,8.57,1
183,8.57,1
184,8.57,1
185,8.57,1
186,8.57,1
187,8.71,0
188,8.71,1
189,8.85,1
190,9,1
191,9.14,0
192,9.14,0
193,9.28,1
194,9.28,1
195,9.28,1
196,9.28,1
197,9.28,1
198,9.28,1
199,9.28,0
200,9.28,1
201,9.28,0
202,9.57,0
203,9.71,1
204,10,1
205,10,1
206,10,1
207,10.14,1
208,10.14,0
209,10.14,1
210,10.14,1
211,10.28,1
212,10.28,1
213,10.28,1
214,10.28,1
215,10.28,1
216,10.28,1
217,10.28,1
218,10.28,1
219,10.28,1
220,10.28,1
221,10.28,1
222,10.28,1
223,10.28,1
224,10.28,1
225,10.28,1
226,10.28,1
227,10.42,0
228,10.42,1
229,10.57,1
230,10.85,0
231,10.85,0
232,11,0
233,11,1
234,11,0
235,11,1
236,11,1
237,11,1
238,11,1
239,11,1
240,11,1
241,11,1
242,11,1
243,11,1
244,11.14,1
245,11.14,1
246,11.14,0
247,11.28,1
248,11.28,1
249,11.28,1
250,11.28,1
251,11.28,1
252,11.28,1
253,11.28,0
254,11.28,1
255,11.28,1
256,11.28,1
257,11.28,1
258,11.28,1
259,11.28,1
260,11.28,1
261,11.42,0
262,11.57,0
263,11.57,0
264,11.71,1
265,11.71,1
266,11.85,1
267,11.85,1
268,11.85,1
269,11.85,1
270,12,1
271,12,1
272,12.14,1
273,12.28,0
274,12.28,1
275,12.28,1
276,12.28,1
277,12.28,1
278,12.28,1
279,12.28,0
280,12.28,1
281,12.28,1
282,12.28,1
283,12.28,1
284,12.28,1
285,12.28,1
286,12.28,1
287,12.28,1
288,12.28,1
289,12.28,1
290,12.71,1
291,12.85,1
292,12.85,0
293,12.85,0
294,12.85,0
295,12.85,0
296,12.85,1
297,13,1
298,13,1
299,13,1
300,13,1
301,13,1
302,13,1
303,13,1
304,13,1
305,13,1
306,13,1
307,13,1
308,13,1
309,13,1
310,13,1
311,13,1
312,13,1
313,13,1
314,13,1
315,13,1
316,13,1
317,13,1
318,13,1
319,13,1
320,13,1
321,13,1
322,13,1
323,13,1
324,13,1
325,13,1
326,13,0
327,13,1
328,13,1
329,13,1
330,13,1
331,13,1
332,13,1
333,13,1
334,13,1
335,13,1
336,13,1
337,13,1
338,13,1
339,13,1
340,13,1
341,13,1
342,13,1
343,13,1
344,13,1
345,13,1
346,13,1
347,13,1
348,13,1
349,13,1
350,13,1
351,13.14,1
352,13.14,1
353,13.14,0
354,13.14,1
355,13.28,1
356,13.28,1
357,13.28,0
358,13.28,1
359,13.28,1
360,13.28,1
361,13.28,1
362,13.28,1
363,13.42,0
364,13.42,0
365,13.57,0
366,13.71,1
367,13.71,0
368,14,1
369,14,1
370,14.28,1
371,14.28,1
372,14.28,0
373,14.28,1
374,14.28,1
375,14.28,1
376,14.28,1
377,14.42,0
378,14.71,1
379,15,1
380,15,1
381,15,0
382,15.28,1
383,15.28,1
384,15.28,1
385,15.28,1
386,15.28,1
387,15.28,0
388,15.42,0
389,15.57,0
390,15.71,1
391,16,1
392,16,1
393,16.28,1
394,16.28,1
395,16.28,1
396,16.57,0
397,16.71,0
398,16.85,1
399,16.85,1
400,17,1
401,17,1
402,17.14,1
403,17.14,1
404,17.14,0
405,17.28,1
406,17.28,1
407,17.28,1
408,17.28,1
409,17.28,1
410,17.28,1
411,17.28,0
412,17.28,1
413,17.28,1
414,17.28,1
415,17.28,1
416,17.28,1
417,17.28,1
418,17.28,0
419,17.28,1
420,17.28,1
421,17.42,0
422,17.42,0
423,17.57,0
424,17.71,1
425,17.85,1
426,18.14,0
427,18.85,1
428,19,0
429,19,0
430,19.14,0
431,19.28,1
432,19.28,1
433,19.28,1
434,19.28,1
435,19.28,1
436,19.28,1
437,19.28,1
438,19.42,0
439,19.57,0
440,19.71,1
441,19.71,1
442,19.71,1
443,19.85,1
444,20,1
445,20,0
446,20.28,0
447,20.28,1
448,20.28,1
449,20.28,1
450,20.28,1
451,20.28,1
452,20.42,1
453,20.57,0
454,20.57,0
455,20.57,0
456,20.71,1
457,20.85,1
458,21,1
459,21.14,1
460,21.28,1
461,21.28,1
462,21.28,1
463,21.28,1
464,21.28,1
465,21.28,1
466,21.28,1
467,21.28,1
468,21.28,1
469,21.42,0
470,21.57,0
471,21.71,1
472,21.71,1
473,21.71,0
474,21.71,1
475,21.71,1
476,21.71,1
477,21.71,1
478,21.71,1
479,21.71,1
480,21.71,1
481,21.71,1
482,21.71,1
483,21.71,1
484,21.71,1
485,21.71,1
486,21.85,1
487,22,1
488,22.14,1
489,22.28,1
490,22.28,1
491,23,1
492,23.14,0
493,23.14,0
494,23.14,0
495,23.28,1
496,23.28,1
497,23.28,1
498,23.42,0
499,23.57,0
500,23.71,0
501,23.71,1
502,23.85,1
503,24,1
504,24,1
505,24,1
506,24.14,1
507,24.14,0
508,24.14,0
509,24.28,1
510,24.28,1
511,24.28,1
512,24.28,1
513,24.28,1
514,24.42,0
515,24.57,0
516,24.71,0
517,24.71,0
518,24.85,0
519,25,1
520,25,1
521,25,1
522,25,0
523,25,0
524,25.28,1
525,25.28,1
526,25.28,1
527,25.28,1
528,25.28,1
529,25.28,1
530,25.28,1
531,25.28,0
532,25.28,0
533,25.28,1
534,25.28,1
535,25.28,1
536,25.57,0
537,25.57,0
538,25.57,0
539,25.71,0
540,25.71,0
541,25.85,1
542,25.85,0
543,26,1
544,26,1
545,26,0
546,26,1
547,26,1
548,26,1
549,26,1
550,26,1
551,26,1
552,26,1
553,26,1
554,26,1
555,26.28,1
556,26.28,0
557,26.71,1
558,27,1
559,27,0
560,27.14,1
561,27.14,0
562,27.28,1
563,27.28,1
564,27.57,0
565,27.57,0
566,27.71,0
567,27.71,0
568,27.85,1
569,27.85,1
570,27.85,1
571,28.14,0
572,28.28,1
573,28.28,0
574,28.28,0
575,28.42,1
576,28.57,0
577,28.85,1
578,29,1
579,29,1
580,29,1
581,29.14,0
582,29.14,1
583,29.28,0
584,29.28,1
585,29.28,1
586,29.28,1
587,29.42,0
588,29.42,1
589,29.57,0
590,29.71,1
591,29.71,1
592,29.85,1
593,30.14,0
594,30.28,1
595,30.28,1
596,30.28,1
597,30.28,1
598,30.28,1
599,30.28,1
600,30.28,1
601,30.28,1
602,30.42,0
603,30.71,1
604,30.85,1
605,31,0
606,31,1
607,31.14,1
608,31.14,1
609,31.28,1
610,31.28,1
611,31.57,0
612,31.57,0
613,31.57,0
614,31.71,0
615,32,1
616,32.14,1
617,32.14,1
618,32.14,1
619,32.14,1
620,32.14,1
621,32.42,0
622,32.57,0
623,32.57,0
624,32.85,1
625,33,0
626,33.14,1
627,33.28,1
628,33.28,1
629,33.28,1
630,33.28,1
631,33.28,1
632,33.28,1
633,33.57,0
634,33.57,1
635,33.85,1
636,34,0
637,34,0
638,34,1
639,34,0
640,34,0
641,34,1
642,34,1
643,34.14,1
644,34.14,0
645,34.28,1
646,34.28,1
647,34.28,1
648,34.28,1
649,34.28,1
650,34.28,1
651,34.42,0
652,34.42,0
653,34.57,1
654,34.57,1
655,34.57,0
656,34.57,1
657,34.57,0
658,34.57,1
659,34.71,0
660,34.71,1
661,35,0
662,35.28,0
663,35.28,1
664,35.28,1
665,35.28,1
666,35.42,0
667,36,0
668,36,1
669,36.14,1
670,36.14,1
671,36.14,0
672,36.28,0
673,36.42,0
674,36.71,1
675,36.71,0
676,36.71,1
677,36.71,0
678,36.71,1
679,37,1
680,37.14,1
681,37.28,1
682,37.28,1
683,37.28,1
684,37.28,1
685,37.28,1
686,37.28,1
687,37.28,1
688,37.28,1
689,37.28,1
690,37.28,1
691,37.71,1
692,37.85,1
693,38,1
694,38,0
695,38,1
696,38,1
697,38.14,1
698,38.14,0
699,38.14,1
700,38.14,0
701,38.14,1
702,38.28,1
703,38.28,1
704,38.28,1
705,38.28,1
706,38.28,1
707,38.28,1
708,38.57,0
709,38.71,1
710,38.71,1
711,38.85,1
712,38.85,0
713,38.85,0
714,38.85,1
715,39,1
716,39,0
717,39,1
718,39,1
719,39,1
720,39,1
721,39,1
722,39,1
723,39,1
724,39,1
725,39.14,0
726,39.14,1
727,39.28,1
728,39.28,1
729,39.28,0
730,39.28,1
731,39.42,0
732,39.57,0
733,39.71,0
734,39.71,1
735,39.85,1
736,40,0
737,40.14,0
738,40.28,1
739,40.28,0
740,40.28,1
741,40.28,1
742,40.57,0
743,40.57,0
744,40.71,0
745,40.85,0
746,41,0
747,41,0
748,41.28,1
749,41.28,1
750,41.42,0
751,41.42,1
752,42,1
753,42,0
754,42.14,0
755,42.28,1
756,42.28,1
757,42.28,1
758,42.28,1
759,42.42,0
760,42.57,0
761,42.71,1
762,42.71,1
763,42.71,1
764,43.28,1
765,43.28,0
766,43.28,1
767,43.28,1
768,43.28,1
769,43.28,1
770,43.28,0
771,43.42,1
772,43.42,1
773,43.42,1
774,43.42,0
775,43.42,1
776,43.42,1
777,43.42,1
778,43.57,0
779,43.57,0
780,44,1
781,44.28,1
782,44.28,1
783,44.28,0
784,44.28,0
785,44.42,0
786,44.42,0
787,44.71,1
788,44.71,1
789,45,1
790,45,0
791,45.14,1
792,45.14,1
793,45.28,1
794,45.28,1
795,45.28,1
796,45.28,1
797,45.28,1
798,45.28,1
799,45.42,0
800,45.42,0
801,45.57,0
802,45.71,1
803,45.71,1
804,45.71,1
805,45.71,1
806,46.14,1
807,46.14,0
808,46.14,1
809,46.28,1
810,46.28,0
811,46.28,1
812,46.57,0
813,46.71,1
814,46.71,1
815,47,1
816,47,1
817,47,1
818,47.14,0
819,47.14,1
820,47.28,1
821,47.28,1
822,47.28,0
823,47.28,1
824,47.28,1
825,47.28,1
826,47.28,0
827,47.28,1
828,47.28,1
829,47.28,1
830,47.28,1
831,47.28,1
832,47.42,0
833,47.42,0
834,47.42,1
835,47.57,0
836,47.57,0
837,47.57,0
838,47.71,0
839,47.71,1
840,47.71,1
841,47.71,1
842,47.71,1
843,47.71,1
844,47.71,0
845,47.71,1
846,47.71,1
847,47.71,1
848,47.71,1
849,47.85,1
850,47.85,0
851,47.85,1
852,47.85,1
853,48,0
854,48,0
855,48,1
856,48.14,1
857,48.14,0
858,48.28,1
859,48.28,1
860,48.28,1
861,48.28,1
862,48.57,0
863,48.71,1
864,49,0
865,49.14,1
866,49.28,1
867,49.28,0
868,49.42,0
869,49.42,0
870,49.85,0
871,49.85,0
872,49.85,0
873,50.14,1
874,50.14,1
875,50.14,1
876,50.28,1
877,50.28,1
878,50.28,1
879,50.71,0
880,50.85,0
881,51,0
882,51.14,1
883,51.14,1
884,51.14,1
885,51.28,0
886,51.28,1
887,51.28,1
888,51.28,1
889,51.28,1
890,51.42,0
891,52,0
892,52,0
893,52,0
894,52,0
895,52,1
896,52,0
897,52,0
898,52,0
899,52,0
900,52,1
901,52.14,0
902,52.14,0
903,52.14,0
904,52.14,1
905,52.14,0
906,52.14,1
907,52.14,1
908,52.14,0
909,52.14,0
910,52.14,0
911,52.14,1
912,52.14,1
913,52.14,0
914,52.14,1
915,52.14,0
916,52.14,1
917,52.14,1
918,52.14,1
919,52.14,1
920,52.14,1
921,52.14,1
922,52.14,1
923,52.14,1
924,52.14,1
925,52.14,1
926,52.14,1
927,52.14,0
928,52.14,1
929,52.14,1
930,52.14,0
931,52.14,1
932,52.14,1
933,52.14,1
934,52.14,1
935,52.28,1
936,52.28,0
937,52.28,0
938,52.28,0
939,52.28,1
940,52.28,1
941,52.28,1
942,52.28,0
943,52.28,1
944,52.28,1
945,52.28,0
946,52.28,0
947,52.28,1
948,52.28,0
949,52.42,0
950,52.57,0
951,52.57,0
952,52.57,1
953,52.71,1
954,52.85,1
955,53,1
956,53,0
957,53,1
958,53.14,0
959,53.28,0
960,53.28,1
961,53.28,0
962,53.28,1
963,53.42,0
964,53.57,0
965,53.71,0
966,54,1
967,54,1
968,54.28,1
969,54.28,1
970,54.28,1
971,54.28,1
972,54.28,1
973,54.28,0
974,54.28,1
975,54.28,1
976,54.28,1
977,54.28,1
978,54.28,1
979,54.28,1
980,54.28,1
981,54.42,0
982,54.42,1
983,54.42,1
984,54.42,1
985,54.42,1
986,54.42,0
987,54.57,0
988,54.71,1
989,54.85,0
990,55,1
991,55.14,1
992,55.14,0
993,55.28,1
994,55.28,1
995,55.28,0
996,55.28,1
997,55.28,1
998,55.28,1
999,55.28,1
1000,55.28,1
1001,55.28,1
1002,55.28,1
1003,55.42,0
1004,55.42,0
1005,55.42,0
1006,55.57,0
1007,55.85,1
1008,55.85,0
1009,55.85,1
1010,55.85,1
1011,55.85,1
1012,56,1
1013,56,1
1014,56,1
1015,56,1
1016,56.14,1
1017,56.14,1
1018,56.14,1
1019,56.14,1
1020,56.14,1
1021,56.14,1
1022,56.14,1
1023,56.14,1
1024,56.14,1
1025,56.14,1
1026,56.14,1
1027,56.14,1
1028,56.14,1
1029,56.14,1
1030,56.42,1
1031,56.42,1
1032,56.42,1
1033,56.42,1
1034,56.42,1
1035,56.42,1
1036,56.42,1
1037,56.42,1
1038,56.42,1
1039,56.42,1
1040,56.42,0
1041,56.42,1
1042,56.42,1
1043,56.42,1
1044,56.42,1
1045,56.42,1
1046,56.42,1
1047,56.42,1
1048,56.42,1
1049,56.42,1
1050,56.57,1
1051,56.71,1
1052,56.85,1
1053,57,1
1054,57.14,0
1055,57.14,1
1056,57.28,1
1057,57.28,1
1058,57.28,1
1059,57.28,1
1060,57.28,1
1061,57.28,0
1062,57.28,1
1063,57.28,1
1064,57.57,1
1065,57.57,0
1066,57.85,0
1067,58.14,1
1068,58.28,1
1069,58.28,1
1070,58.28,1
1071,58.28,1
1072,58.28,1
1073,58.28,1
1074,58.28,1
1075,58.28,1
1076,58.28,1
1077,58.28,1
1078,58.57,0
1079,58.71,1
1080,58.71,1
1081,58.71,1
1082,58.71,0
1083,58.85,1
1084,58.85,1
1085,58.85,1
1086,58.85,1
1087,58.85,1
1088,58.85,1
1089,58.85,1
1090,58.85,1
1091,59,1
1092,59.14,1
1093,59.14,1
1094,59.14,1
1095,59.14,1
1096,59.14,0
1097,59.14,0
1098,59.14,0
1099,59.28,1
1100,59.28,1
1101,59.28,1
1102,59.28,1
1103,59.28,1
1104,59.28,1
1105,59.28,1
1106,59.28,1
1107,59.28,1
1108,59.28,1
1109,59.71,1
1110,59.85,0
1111,59.85,1
1112,59.85,1
1113,59.85,1
1114,60,0
1115,60,1
1116,60,1
1117,60.14,1
1118,60.14,1
1119,60.14,1
1120,60.28,1
1121,60.28,1
1122,60.28,1
1123,60.28,1
1124,60.28,1
1125,60.28,0
1126,60.28,1
1127,60.28,1
1128,60.28,1
1129,60.28,1
1130,60.28,1
1131,60.28,1
1132,60.28,1
1133,60.28,1
1134,60.57,0
1135,60.57,0
1136,60.71,1
1137,60.71,1
1138,60.85,1
1139,60.85,0
1140,60.85,1
1141,60.85,1
1142,60.85,1
1143,60.85,1
1144,60.85,1
1145,60.85,1
1146,60.85,1
1147,60.85,1
1148,60.85,1
1149,60.85,1
1150,60.85,1
1151,60.85,1
1152,60.85,1
1153,60.85,1
1154,60.85,1
1155,60.85,1
1156,60.85,1
1157,60.85,1
1158,60.85,1
1159,60.85,1
1160,60.85,1
1161,60.85,1
1162,60.85,1
1163,60.85,1
1164,60.85,1
1165,60.85,1
1166,60.85,1
1167,60.85,1
1168,60.85,1
1169,60.85,1
1170,60.85,1
1171,60.85,1
1172,60.85,1
1173,61,0
1174,61,0
1175,61.14,1
1176,61.28,1
1177,61.28,1
1178,61.28,1
1179,61.28,1
1180,61.28,1
1181,61.28,1
1182,61.28,1
1183,61.28,1
1184,61.28,1
1185,61.28,1
1186,61.28,1
1187,61.85,1
1188,61.85,1
1189,62.28,1
1190,62.28,1
1191,62.28,1
1192,62.28,1
1193,62.28,1
1194,62.28,1
1195,62.28,1
1196,62.28,1
1197,62.57,0
1198,62.85,1
1199,62.85,1
1200,62.85,1
1201,62.85,1
1202,63,1
1203,63,0
1204,63.14,0
1205,63.28,1
1206,63.28,1
1207,63.28,1
1208,63.28,1
1209,63.28,1
1210,63.28,1
1211,63.28,1
1212,63.28,1
1213,63.28,1
1214,63.28,1
1215,63.28,1
1216,63.28,1
1217,63.28,1
1218,63.28,1
1219,63.28,1
1220,63.28,1
1221,63.28,1
1222,63.28,1
1223,63.28,1
1224,63.28,1
1225,63.28,1
1226,63.28,1
1227,63.28,1
1228,63.28,1
1229,63.28,1
1230,63.28,1
1231,63.57,1
1232,63.71,0
1233,63.85,1
1234,63.85,1
1235,64,1
1236,64.14,0
1237,64.28,1
1238,64.28,1
1239,64.28,1
1240,64.28,1
1241,64.28,1
1242,64.28,1
1243,64.28,1
1244,64.28,0
1245,64.28,1
1246,64.28,1
1247,64.28,1
1248,64.28,1
1249,64.42,1
1250,64.57,0
1251,64.57,0
1252,64.57,0
1253,64.71,1
1254,64.71,1
1255,64.71,1
1256,64.85,0
1257,64.85,0
1258,65,1
1259,65,1
1260,65.14,1
1261,65.14,1
1262,65.14,1
1263,65.28,1
1264,65.28,1
1265,65.28,1
1266,65.28,1
1267,65.28,1
1268,65.28,1
1269,65.28,1
1270,65.28,1
1271,65.28,1
1272,65.28,1
1273,65.28,1
1274,65.28,1
1275,65.28,1
1276,65.28,1
1277,65.28,1
1278,65.28,1
1279,65.28,1
1280,65.28,1
1281,65.28,1
1282,65.28,1
1283,65.28,1
1284,65.28,1
1285,65.28,1
1286,65.28,1
1287,65.28,1
1288,65.28,1
1289,65.28,1
1290,65.28,1
1291,65.28,1
1292,65.28,1
1293,65.28,1
1294,65.28,1
1295,65.28,1
1296,65.28,1
1297,65.28,1
1298,65.28,1
1299,65.28,1
1300,65.28,1
1301,65.28,1
1302,65.28,1
1303,65.28,1
1304,65.28,1
1305,65.28,1
1306,65.28,1
1307,65.42,1
1308,65.71,0
1309,66,1
1310,66.28,1
1311,66.57,0
1312,66.71,1
1313,66.85,1
1314,66.85,1
1315,67.14,0
1316,67.14,1
1317,67.28,1
1318,67.28,1
1319,67.57,1
1320,67.57,1
1321,68.28,1
1322,68.42,0
1323,68.42,0
1324,68.71,0
1325,69,1
1326,69.28,1
1327,69.28,1
1328,69.28,1
1329,69.28,1
1330,69.42,0
1331,69.42,0
1332,69.57,1
1333,69.57,1
1334,69.57,1
1335,69.57,1
1336,69.57,1
1337,69.57,1
1338,69.57,1
1339,69.57,1
1340,69.57,1
1341,69.57,1
1342,69.57,0
1343,69.57,1
1344,69.57,0
1345,69.71,0
1346,70.14,1
1347,70.14,1
1348,70.14,1
1349,70.28,0
1350,70.71,0
1351,71.14,0
1352,71.28,0
1353,71.28,1
1354,71.28,0
1355,71.28,1
1356,71.71,1
1357,71.85,0
1358,72,1
1359,72,0
1360,72,1
1361,72,1
1362,72,1
1363,72,1
1364,72,0
1365,72.28,1
1366,72.28,1
1367,72.28,1
1368,72.28,1
1369,72.28,1
1370,72.42,0
1371,72.57,0
1372,72.71,0
1373,72.71,1
1374,73,0
1375,73.14,0
1376,73.28,0
1377,73.28,1
1378,73.42,0
1379,73.57,0
1380,73.57,0
1381,73.57,0
1382,73.71,0
1383,73.85,0
1384,74,1
1385,74,1
1386,74,0
1387,74,1
1388,74,1
1389,74,1
1390,74,1
1391,74,1
1392,74,1
1393,74,1
1394,74.85,1
1395,74.85,1
1396,75.14,0
1397,75.14,1
1398,75.14,1
1399,75.14,1
1400,75.28,1
1401,75.28,1
1402,75.57,0
1403,75.85,0
1404,76,1
1405,76.14,1
1406,76.14,1
1407,76.28,1
1408,76.28,1
1409,76.28,1
1410,76.85,1
1411,77.28,1
1412,77.28,0
1413,77.28,1
1414,77.57,0
1415,77.71,0
1416,77.71,0
1417,77.85,1
1418,78,0
1419,78,0
1420,78.14,1
1421,78.28,1
1422,78.28,1
1423,78.28,1
1424,78.28,1
1425,79,0
1426,79.14,1
1427,79.28,1
1428,79.28,1
1429,79.28,1
1430,79.42,0
1431,79.57,0
1432,80.14,1
1433,80.28,1
1434,80.28,0
1435,80.42,0
1436,80.57,0
1437,80.71,1
1438,81,1
1439,81.28,1
1440,81.28,0
1441,81.85,0
1442,81.85,1
1443,81.85,1
1444,82,1
1445,82.28,1
1446,82.28,1
1447,82.28,1
1448,82.28,1
1449,82.28,0
1450,82.28,1
1451,82.71,1
1452,82.71,1
1453,82.71,1
1454,82.71,1
1455,82.71,1
1456,82.71,1
1457,82.71,1
1458,82.71,1
1459,83,0
1460,83,1
1461,83.28,1
1462,83.28,0
1463,83.57,0
1464,83.57,0
1465,83.71,1
1466,83.85,0
1467,83.85,0
1468,83.85,1
1469,84,1
1470,84,0
1471,84.14,1
1472,84.14,1
1473,84.42,0
1474,84.57,0
1475,84.71,1
1476,84.71,1
1477,85.14,1
1478,85.14,0
1479,85.28,1
1480,85.28,1
1481,85.28,1
1482,85.28,1
1483,85.28,1
1484,85.57,0
1485,85.85,1
1486,85.85,0
1487,86.14,1
1488,86.14,1
1489,86.28,0
1490,86.42,0
1491,86.57,0
1492,86.57,0
1493,86.71,1
1494,86.71,0
1495,86.71,1
1496,86.71,1
1497,86.85,1
1498,87,1
1499,87.14,1
1500,87.28,1
1501,87.28,1
1502,87.28,1
1503,87.57,1
1504,87.85,0
1505,88,1
1506,88.14,1
1507,88.28,1
1508,88.42,1
1509,88.85,1
1510,89,1
1511,89.14,1
1512,89.14,1
1513,89.14,1
1514,89.14,0
1515,89.14,1
1516,89.28,1
1517,89.28,1
1518,89.28,1
1519,89.28,1
1520,89.71,1
1521,89.85,1
1522,89.85,1
1523,90,1
1524,90.28,1
1525,90.28,1
1526,90.28,1
1527,90.28,1
1528,90.28,1
1529,90.28,1
1530,90.28,0
1531,90.28,1
1532,90.28,1
1533,90.57,1
1534,90.71,1
1535,90.85,1
1536,91,1
1537,91,1
1538,91,1
1539,91,1
1540,91,1
1541,91,1
1542,91,1
1543,91,1
1544,91,1
1545,91.14,1
1546,91.14,1
1547,91.14,1
1548,91.14,1
1549,91.14,1
1550,91.14,1
1551,91.14,1
1552,91.14,1
1553,91.14,1
1554,91.14,1
1555,91.14,1
1556,91.14,1
1557,91.14,1
1558,91.14,1
1559,91.14,1
1560,91.28,1
1561,91.85,0
1562,92.28,1
1563,92.57,0
1564,92.71,1
1565,92.71,0
1566,93.28,0
1567,93.28,1
1568,93.28,1
1569,93.28,1
1570,93.57,0
1571,94,1
1572,94.14,1
1573,94.28,1
1574,95,1
1575,95.14,1
1576,95.14,1
1577,95.28,1
1578,95.28,1
1579,95.28,1
1580,95.28,1
1581,95.57,0
1582,95.57,1
1583,95.57,0
1584,95.57,1
1585,95.57,1
1586,95.57,1
1587,95.57,1
1588,95.57,1
1589,95.57,1
1590,96,1
1591,96,0
1592,96.28,1
1593,97.14,1
1594,97.14,1
1595,97.14,1
1596,97.28,1
1597,97.28,1
1598,97.42,1
1599,97.57,0
1600,97.71,1
1601,97.71,1
1602,97.85,0
1603,97.85,1
1604,98,0
1605,98,1
1606,98.14,1
1607,98.14,0
1608,98.14,0
1609,98.28,1
1610,98.57,0
1611,98.71,1
1612,98.85,0
1613,98.85,1
1614,99.14,0
1615,99.28,1
1616,99.57,0
1617,99.85,1
1618,99.85,1
1619,99.85,1
1620,99.85,1
1621,100,0
1622,100,0
1623,100.28,1
1624,100.28,1
1625,100.28,1
1626,100.57,0
1627,100.71,1
1628,101,1
1629,101.14,1
1630,101.14,1
1631,101.14,1
1632,101.28,1
1633,101.28,1
1634,101.28,1
1635,101.57,1
1636,101.71,1
1637,101.85,0
1638,102,1
1639,102.14,1
1640,102.14,1
1641,102.14,0
1642,102.28,1
1643,102.28,0
1644,102.28,0
1645,102.28,1
1646,102.28,0
1647,102.28,1
1648,102.28,1
1649,102.28,1
1650,102.28,1
1651,102.28,1
1652,102.28,1
1653,102.42,1
1654,102.71,1
1655,102.85,1
1656,103,1
1657,103.14,1
1658,103.14,1
1659,103.14,1
1660,103.14,1
1661,103.28,1
1662,103.28,1
1663,103.28,1
1664,103.28,0
1665,103.57,0
1666,103.85,1
1667,103.85,0
1668,104,0
1669,104,1
1670,104.14,0
1671,104.14,1
1672,104.14,0
1673,104.28,1
1674,104.28,0
1675,104.28,1
1676,104.28,1
1677,104.28,1
1678,104.28,0
1679,104.28,1
1680,104.28,1
1681,104.28,1
1682,104.28,0
1683,104.28,1
1684,104.28,1
1685,104.28,1
1686,104.28,1
1687,104.28,1
1688,104.28,0
1689,104.42,1
1690,104.42,0
1691,104.42,0
1692,104.42,0
1693,104.42,1
1694,104.42,0
1695,104.42,0
1696,104.57,0
1697,104.71,1
1698,105.14,1
1699,105.28,0
1700,105.28,1
1701,105.28,1
1702,105.28,1
1703,105.28,1
1704,105.28,1
1705,105.42,1
1706,105.57,1
1707,105.71,0
1708,105.85,1
1709,106,1
1710,106.14,1
1711,106.28,1
1712,106.28,1
1713,106.28,1
1714,106.28,1
1715,106.28,1
1716,106.42,0
1717,106.42,0
1718,106.57,1
1719,106.57,1
1720,106.71,1
1721,106.71,1
1722,107.28,1
1723,107.28,1
1724,107.28,1
1725,107.28,1
1726,107.28,1
1727,107.42,1
1728,107.42,1
1729,107.57,0
1730,108,1
1731,108,1
1732,108,1
1733,108.14,1
1734,108.14,1
1735,108.14,1
1736,108.14,1
1737,108.14,1
1738,108.14,1
1739,108.14,1
1740,108.14,1
1741,108.14,1
1742,108.14,1
1743,108.14,1
1744,108.14,1
1745,108.14,1
1746,108.42,1
1747,108.42,0
1748,108.57,1
1749,108.57,1
1750,108.57,1
1751,108.57,1
1752,108.57,1
1753,108.57,1
1754,108.57,0
1755,108.57,1
1756,108.57,1
1757,108.57,1
1758,108.57,1
1759,108.57,1
1760,108.57,1
1761,108.71,1
1762,109,0
1763,109.28,0
1764,109.28,1
1765,109.28,1
1766,109.28,1
1767,109.28,1
1768,109.42,0
1769,109.57,1
1770,110,1
1771,110.14,1
1772,110.28,1
1773,110.42,1
1774,110.57,1
1775,110.71,1
1776,111,1
1777,111,1
1778,111.28,1
1779,111.28,1
1780,111.28,1
1781,111.28,1
1782,111.28,1
1783,111.42,1
1784,112.14,1
1785,112.28,1
1786,112.28,1
1787,112.28,1
1788,112.28,1
1789,112.85,1
1790,112.85,1
1791,113,1
1792,113,1
1793,113,1
1794,113,1
1795,113,1
1796,113,1
1797,113,1
1798,113,1
1799,113,1
1800,113,1
1801,113,1
1802,113,1
1803,113,1
1804,113,1
1805,113,1
1806,113,1
1807,113,1
1808,113,1
1809,113,1
1810,113,1
1811,113,1
1812,113.14,1
1813,113.14,0
1814,113.28,1
1815,113.28,1
1816,113.28,1
1817,113.57,1
1818,113.71,1
1819,114,1
1820,114,1
1821,114.14,1
1822,114.28,1
1823,114.28,1
1824,114.28,1
1825,114.28,1
1826,114.28,1
1827,114.28,1
1828,114.28,1
1829,114.28,1
1830,114.28,1
1831,114.28,1
1832,114.42,1
1833,114.71,1
1834,114.71,1
1835,114.85,1
1836,115,1
1837,115.14,1
1838,115.14,1
1839,115.28,1
1840,115.28,1
1841,115.28,1
1842,115.28,1
1843,115.28,1
1844,115.28,1
1845,115.28,1
1846,115.28,1
1847,115.28,1
1848,115.28,1
1849,115.28,1
1850,115.28,1
1851,115.28,1
1852,115.28,1
1853,115.28,1
1854,115.28,1
1855,115.28,1
1856,115.42,0
1857,115.42,1
1858,115.71,1
1859,115.85,1
1860,115.85,1
1861,116,0
1862,116.28,1
1863,116.28,1
1864,116.28,1
1865,116.28,1
1866,116.28,1
1867,116.57,1
1868,116.71,1
1869,116.71,1
1870,116.85,1
1871,116.85,1
1872,116.85,1
1873,117.14,1
1874,117.28,1
1875,117.28,1
1876,117.28,1
1877,117.28,1
1878,117.28,1
1879,117.28,1
1880,117.28,1
1881,117.28,1
1882,117.28,1
1883,117.28,1
1884,117.28,1
1885,117.42,1
1886,117.42,1
1887,117.42,1
1888,117.42,1
1889,117.42,1
1890,117.42,1
1891,117.42,1
1892,117.42,1
1893,117.42,1
1894,117.42,1
1895,117.42,1
1896,117.42,1
1897,117.42,1
1898,117.42,1
1899,117.42,1
1900,117.42,1
1901,117.42,1
1902,117.42,1
1903,117.42,1
1904,117.42,1
1905,117.42,1
1906,117.42,1
1907,117.42,1
1908,117.42,1
1909,117.42,1
1910,117.42,1
1911,117.42,1
1912,117.42,1
1913,117.42,1
1914,117.42,1
1915,117.42,1
1916,117.42,1
1917,117.42,1
1918,117.42,1
1919,117.57,1
1920,117.57,1
1921,118.28,1
1922,118.71,1
1923,119,1
1924,119.14,1
1925,119.28,1
1926,119.28,1
1927,119.28,1
1928,119.28,1
1929,119.28,1
1930,119.42,1
1931,119.71,1
1932,119.71,1
1933,119.71,1
1934,119.71,1
1935,119.71,1
1936,119.85,1
1937,120,1
1938,120.28,1
1939,120.42,1
1940,121.14,1
1941,121.14,1
1942,121.28,1
1943,121.28,1
1944,121.28,1
1945,121.71,1
1946,121.71,1
1947,121.71,1
1948,121.71,1
1949,121.71,1
1950,121.71,1
1951,121.71,1
1952,121.71,1
1953,122.14,1
1954,122.14,1
1955,123.28,1
1956,123.28,1
1957,123.28,1
1958,123.28,1
1959,123.42,0
1960,123.71,1
1961,124.14,1
1962,124.14,1
1963,124.28,0
1964,124.28,1
1965,124.85,1
1966,125.28,1
1967,125.71,1
1968,126,1
1969,126,1
1970,126.14,1
1971,126.14,1
1972,126.14,1
1973,126.14,1
1974,126.14,1
1975,126.14,1
1976,126.14,1
1977,126.28,1
1978,126.71,1
1979,127.28,1
1980,127.28,1
1981,127.71,1
1982,128,1
1983,128.28,1
1984,128.28,1
1985,128.28,1
1986,129,1
1987,129.28,1
1988,129.85,1
1989,130.14,0
1990,130.28,1
1991,130.28,1
1992,130.28,1
1993,130.42,1
1994,130.42,1
1995,130.57,1
1996,130.85,1
1997,131.28,1
1998,132,1
1999,132.28,1
2000,132.28,1
2001,132.71,1
2002,132.85,0
2003,132.85,0
2004,133.14,1
2005,133.28,1
2006,133.28,1
2007,134.28,1
2008,134.28,1
2009,134.85,1
2010,134.85,1
2011,134.85,1
2012,134.85,1
2013,134.85,1
2014,134.85,1
2015,134.85,1
2016,136.14,1
2017,136.28,1
2018,136.28,1
2019,136.71,1
2020,136.85,1
2021,137.28,1
2022,137.28,1
2023,137.85,0
2024,137.85,1
2025,138,1
2026,138.57,0
2027,138.71,1
2028,138.85,1
2029,138.85,1
2030,138.85,1
2031,138.85,1
2032,138.85,1
2033,138.85,1
2034,138.85,1
2035,139,1
2036,139.28,1
2037,139.28,1
2038,140,1
2039,140.14,1
2040,140.28,1
2041,140.28,1
2042,140.28,1
2043,140.28,1
2044,140.28,1
2045,140.42,1
2046,140.85,1
2047,141,1
2048,141.28,1
2049,142.14,1
2050,142.14,1
2051,142.28,1
2052,142.28,1
2053,142.28,1
2054,142.28,1
2055,142.71,1
2056,142.85,1
2057,143,1
2058,143.14,1
2059,143.14,1
2060,143.14,1
2061,143.14,1
2062,143.14,1
2063,143.14,1
2064,143.14,1
2065,143.14,1
2066,143.14,1
2067,143.28,1
2068,143.28,1
2069,143.28,1
2070,143.28,1
2071,143.28,1
2072,143.28,1
2073,143.28,1
2074,143.28,1
