"ID","LASTPD","FEMALE","CENSOR"
201303,2,1,0
201304,3,1,0
201305,2,1,1
201311,5,0,1
201316,5,0,0
201317,3,1,1
201320,1,0,1
201321,5,1,0
201322,2,1,0
201324,3,1,1
201327,3,0,0
201328,3,0,1
201334,2,1,1
201339,2,1,0
201341,5,1,0
201344,1,0,1
201346,3,0,0
201347,2,1,0
201349,2,1,1
201350,3,0,1
201351,3,0,0
201352,1,1,0
201353,3,1,1
201356,2,1,0
201359,2,0,0
201360,3,0,0
201361,1,1,1
201364,3,1,1
201367,2,0,0
201379,2,1,0
203349,1,0,1
203350,3,1,1
203359,2,1,0
204301,1,0,0
204302,2,1,0
204304,5,0,1
204305,2,0,1
204307,3,1,1
204308,5,0,1
204310,3,1,0
204311,1,1,0
204312,3,0,1
204313,1,0,0
204314,2,0,0
204316,2,0,0
204318,1,1,0
204319,2,1,1
204320,3,1,1
204322,2,0,0
204323,3,1,1
204324,4,0,0
204325,3,0,1
204327,2,1,0
204330,1,1,1
204331,4,1,0
204332,1,0,0
204333,4,1,0
204336,5,0,1
204337,4,0,0
204339,2,0,0
204342,2,1,0
204343,3,1,1
204345,3,0,1
204347,1,0,1
204349,5,0,0
204350,5,1,1
204352,2,1,0
204353,3,0,1
204354,4,1,1
204356,3,1,0
204358,1,0,0
204360,2,1,0
204361,3,1,1
204362,5,1,0
204364,4,0,0
204367,3,1,0
204368,2,0,0
204369,5,0,1
204370,3,1,0
204371,3,1,0
204373,3,1,1
204374,5,0,1
204375,3,0,0
204376,3,1,1
204377,2,1,0
204378,1,0,1
205305,1,1,1
205307,2,0,1
205309,2,0,0
205312,3,0,1
205315,3,0,1
205317,3,1,0
205319,2,0,0
205320,2,1,0
205321,2,1,0
205322,1,1,1
205324,2,0,0
205325,3,1,0
205327,1,0,1
205328,1,0,1
205331,3,0,0
205333,1,0,1
205334,4,1,0
205336,1,1,1
205338,3,0,1
205340,1,0,1
205341,2,1,0
205342,5,1,0
205345,4,0,0
205346,3,1,1
205347,2,0,1
205356,1,0,1
205359,4,1,0
205361,1,1,0
205362,3,0,1
205363,2,0,1
205364,4,1,0
205366,3,0,0
205367,1,0,1
205369,4,1,0
206301,1,1,1
206302,2,0,0
206303,2,1,0
206304,3,0,1
206305,1,0,1
206306,1,0,1
206307,2,0,1
206308,2,1,1
206309,1,0,1
206310,1,0,1
206311,1,0,0
206312,1,1,1
206313,2,1,1
206315,2,1,1
206317,3,1,1
206318,3,1,1
206319,2,1,0
206323,3,1,1
206325,1,0,1
206327,2,0,0
206329,1,0,1
206330,4,1,0
206331,1,0,1
206332,2,1,0
206333,3,1,1
206334,1,0,1
206336,1,0,1
206339,2,0,1
206341,2,1,0
206346,2,1,0
206347,4,1,0
206351,2,1,0
206352,1,1,1
206353,2,1,1
206357,1,0,1
206358,1,1,0
206360,3,1,1
206361,1,1,1
206363,1,0,1
206364,1,1,1
206368,1,0,1
206369,2,1,0
208301,2,0,0
208302,2,1,0
208304,1,0,0
208305,3,1,1
208306,2,0,0
208307,3,0,0
208308,3,1,0
208310,5,0,0
208311,2,1,0
208312,5,0,0
208313,3,0,1
208314,2,0,0
208316,2,1,0
208317,1,0,1
208318,2,0,1
208319,2,1,0
208320,1,0,1
208323,1,0,1
208324,2,1,0
208327,2,0,1
208329,2,1,0
208331,5,0,1
208333,5,1,0
208334,2,0,1
208335,5,0,1
208336,2,0,0
208337,2,1,0
208338,2,1,0
208339,5,0,0
208340,4,0,0
208341,2,0,0
208342,1,0,1
208345,5,0,1
208346,4,1,0
208348,5,0,1
208349,3,1,1
208354,5,0,1
208356,4,1,0
208358,5,0,1
208361,2,1,0
209303,2,1,0
209306,5,0,1
209312,4,1,0
209315,3,1,1
209318,1,0,1
209321,3,0,0
209323,2,1,0
209327,1,0,1
209328,1,0,1
209331,5,1,0
209332,2,1,0
209339,1,0,0
209343,2,1,0
209344,1,1,1
209345,2,0,1
209346,3,0,0
209347,4,0,0
209350,5,1,0
209357,4,0,1
209364,1,1,1
210301,1,1,0
210304,1,0,1
210307,1,0,1
210309,4,0,0
210313,1,0,1
210322,1,0,1
210323,4,1,0
210325,1,1,1
210329,2,0,0
210333,1,0,1
210339,3,1,1
210346,1,1,1
210347,2,1,1
210354,1,1,1
210358,5,0,1
210360,3,1,1
210361,2,0,0
210367,2,1,0
210371,5,1,0
210378,2,0,1
210383,2,1,0
210397,1,1,1
210399,2,0,1
210400,1,0,1
210407,2,0,1
210408,5,0,1
211303,1,1,1
211309,1,0,1
211327,3,1,0
211336,4,0,0
211351,3,1,0
211354,2,0,0
211367,3,1,1
211368,2,0,1
211377,3,1,1
211380,2,0,0
211386,1,0,0
212302,1,1,1
212309,1,1,1
212314,5,1,1
212332,1,1,1
212336,5,1,0
212337,5,0,0
212345,1,1,1
212349,1,1,1
212352,1,0,1
212355,4,1,0
212366,1,1,1
212367,4,0,0
212373,1,0,1
214302,2,0,0
214304,4,1,0
214316,1,1,0
214317,2,1,0
214327,3,1,0
214329,2,1,1
214337,2,1,0
214359,2,1,0
214363,2,1,0
214367,1,1,1
214370,1,1,0
214371,4,1,0
214387,1,1,0
214389,3,1,0
214392,2,1,0
214399,1,0,0
214401,1,1,0
214408,1,0,0
214418,1,0,1
214421,5,0,1
214432,1,1,1
214434,1,0,0
214438,2,1,1
214443,3,1,0
214448,2,1,0
214457,4,1,0
214460,1,0,1
214477,5,0,1
214479,3,1,0
214485,1,0,0
214489,3,1,0
214493,4,0,0
214808,2,1,0
214810,2,1,0
214818,2,1,0
214838,2,1,0
214885,1,1,0
214887,1,0,1
215302,4,1,0
215303,2,0,0
215306,5,0,1
215309,2,1,0
215312,2,1,0
215314,5,1,0
215315,1,1,0
215320,1,1,0
215321,4,0,0
215323,2,1,0
215324,5,1,0
215325,5,1,1
215326,1,0,0
215329,2,1,0
215332,5,0,1
215335,2,0,0
215336,2,1,0
215337,3,0,1
215338,3,0,0
215342,4,1,0
215343,3,0,1
215348,2,0,0
215349,2,1,0
215351,2,0,1
215352,5,1,1
215353,3,0,0
215354,2,0,0
215355,2,1,0
215357,1,0,0
215358,5,1,0
215362,3,0,0
215364,3,0,1
215367,5,0,0
215369,2,0,0
215376,1,1,0
215377,1,1,0
215380,1,0,0
215381,2,0,0
215382,1,0,0
215383,4,0,0
215384,5,1,0
215385,3,0,0
215386,5,1,0
215387,2,0,0
215393,1,1,0
215398,2,1,0
215399,1,0,0
216304,1,1,0
216316,5,1,0
216321,4,0,0
216323,2,1,0
216327,2,1,0
216329,2,0,0
216337,3,0,0
216338,2,0,0
216348,2,1,0
216354,2,1,0
216358,2,0,0
216359,4,0,0
216362,2,0,0
216364,5,0,0
216368,2,0,1
216376,5,0,1
216378,3,1,0
216381,1,0,0
216384,1,1,0
216385,3,0,1
216386,1,0,0
216388,1,1,0
216391,2,1,0
216397,1,0,0
216398,2,0,0
216400,1,0,0
216401,1,1,0
216406,2,0,1
216410,2,0,0
216413,4,1,0
216415,3,0,0
216417,3,1,0
216427,1,1,0
216429,5,0,0
217302,3,0,0
217303,2,1,0
217304,3,1,0
217305,5,0,1
217306,5,1,1
217307,1,0,1
217308,4,1,0
217309,2,1,0
217312,2,0,1
217315,4,1,0
217316,1,1,1
217317,1,0,1
217319,3,1,1
217321,3,1,0
217322,2,1,0
217323,2,1,0
217324,3,0,0
217325,2,0,0
217326,3,1,1
217328,5,0,0
217329,1,1,1
217330,2,0,1
217332,1,0,1
217333,2,1,0
217334,5,0,1
217335,3,0,1
217336,2,1,0
217339,5,1,1
217342,1,0,0
217343,3,0,1
217344,4,0,0
217345,3,1,0
217347,3,1,1
217352,3,0,1
217355,3,0,1
217357,1,0,1
217359,1,1,1
217360,1,1,0
217361,1,1,0
217363,1,1,1
217365,3,1,0
217366,1,1,1
217367,3,0,0
217386,2,1,0
217390,2,1,0
218302,1,1,0
218303,3,0,1
218304,3,0,1
218305,3,1,1
218307,3,1,1
218309,3,0,1
218310,2,1,0
218311,1,0,0
218312,3,1,0
218314,3,1,1
218315,3,0,1
218317,1,1,1
218318,4,1,0
218320,2,1,0
218322,4,1,0
218323,2,1,0
218324,2,0,0
218325,1,1,0
218326,5,0,1
218327,2,0,0
218329,2,1,0
218330,2,1,0
218331,3,0,1
218332,5,0,1
218333,3,0,0
218335,4,1,0
218336,3,0,1
218337,4,0,0
218339,3,0,0
218340,3,0,1
218342,1,1,0
218343,2,1,0
218344,2,1,0
218346,1,1,0
218347,2,0,0
218349,3,0,1
218350,1,1,0
218351,1,1,0
218352,2,1,0
218353,1,0,0
218354,2,1,0
218355,2,1,0
218356,5,0,1
218358,1,0,1
218359,2,1,1
218360,5,0,1
218361,1,1,0
218362,2,1,0
218363,1,1,0
218364,5,0,1
218365,5,0,1
218366,2,0,0
219301,3,0,0
219302,4,1,0
219303,3,1,1
219304,4,0,0
219305,1,0,0
219306,4,1,0
219308,2,1,0
219309,4,1,0
219312,4,0,0
219314,2,1,0
219315,3,1,1
219316,5,0,1
219319,4,0,0
219320,3,1,0
219321,5,0,1
219323,4,1,0
219324,5,1,1
219325,5,0,0
219326,3,0,0
219327,1,1,0
219328,3,0,0
219332,3,1,0
219333,3,0,1
219334,2,1,0
219336,3,1,0
219337,3,0,1
219338,5,0,1
219339,5,0,1
219340,5,0,1
219341,2,0,0
219343,4,1,0
219344,4,1,0
219345,5,1,0
219346,2,0,0
219347,3,1,1
219348,5,1,0
219350,3,1,0
219351,5,1,1
219352,2,1,0
219353,5,0,1
219355,2,0,0
219356,3,1,1
219357,5,0,1
219358,3,0,1
219359,3,0,1
219364,2,1,0
219365,1,0,0
219367,5,1,0
219368,5,0,1
219369,3,0,1
219370,3,1,0
220301,1,0,1
220302,1,1,0
220303,3,0,1
220305,1,1,1
220306,3,1,1
220307,1,1,1
220308,3,1,0
220309,4,1,0
220310,1,0,0
220311,1,0,0
220312,1,0,0
220314,2,0,0
220316,1,1,0
220317,2,1,0
220318,3,1,0
220320,2,1,0
220321,3,0,1
220325,1,1,1
220326,2,0,1
220327,4,1,0
220328,2,0,0
220329,1,0,0
220331,2,0,1
220335,5,0,1
220336,1,1,0
220338,2,0,0
220341,2,1,0
220342,1,1,0
220344,3,1,1
220345,4,0,0
220347,1,0,1
220348,2,0,0
220349,1,1,0
220350,4,0,0
220351,2,0,0
220352,2,0,0
220353,5,1,0
220355,1,1,0
220357,2,0,0
220360,3,1,0
220366,2,1,0
220369,3,0,1
221302,2,1,1
221304,2,1,1
221305,2,0,1
221308,1,0,1
221311,3,0,0
221312,2,1,1
221313,1,1,1
221314,1,0,1
221315,1,1,1
221316,1,1,1
221318,4,0,0
221320,1,1,1
221321,5,1,1
221324,1,0,1
221327,3,0,0
221329,1,1,1
221330,3,0,0
221331,2,1,1
221333,3,1,0
221335,4,1,0
221336,1,0,1
221338,3,1,0
221339,2,0,1
221343,2,1,1
221345,1,0,1
221348,1,0,1
221350,3,1,0
221352,3,0,0
221354,3,0,1
221355,3,0,0
221356,3,1,0
221357,1,1,1
221362,2,0,1
221368,5,0,1
222302,5,0,1
222309,2,1,0
222311,3,1,1
222313,5,1,1
222314,3,1,0
222315,3,0,1
222318,5,0,1
222323,2,1,0
222331,2,1,0
222333,2,1,0
222334,3,0,1
222336,1,1,0
222339,2,1,0
222348,3,0,1
222353,2,1,0
222357,2,0,0
222363,3,0,1
222364,3,1,1
222365,3,0,0
222366,2,1,0
222368,3,1,1
222374,5,0,0
222378,1,0,0
222389,1,0,1
223302,5,0,1
223303,2,0,0
223304,5,1,0
223305,5,1,0
223306,4,0,0
223310,2,1,0
223311,5,1,1
223312,4,0,0
223313,2,0,0
223314,3,1,0
223315,3,0,1
223316,3,0,0
223317,4,1,0
223318,4,1,0
223319,5,0,1
223320,3,0,0
223322,4,0,0
223323,5,1,1
223324,4,1,0
223325,5,0,1
223327,5,1,1
223328,2,1,0
223329,4,0,0
223330,4,1,0
223331,3,1,1
223333,2,1,0
223334,5,0,0
223335,3,1,0
223336,3,0,1
223337,5,0,0
223338,3,0,1
223339,3,0,0
223340,2,0,0
223341,5,1,1
223342,5,1,0
223344,5,1,1
223345,1,1,0
223346,1,0,0
223347,3,1,0
223348,3,1,0
223349,4,1,0
223350,5,1,1
223351,5,0,0
223352,5,0,1
223353,4,0,0
223354,3,1,0
223355,2,1,1
223356,3,0,0
223357,5,0,0
223358,3,1,1
223360,5,0,1
223361,5,1,0
223362,2,0,0
223363,5,0,0
223364,4,0,0
224306,2,0,1
224307,1,0,0
224313,2,0,0
224314,2,1,1
224319,2,0,0
224320,4,1,0
224321,2,0,1
224323,2,1,0
224324,3,0,1
224328,2,1,0
224335,2,0,0
224338,2,1,0
224339,3,0,1
224340,5,0,1
224348,2,1,0
224349,3,0,1
224352,2,0,0
224356,3,0,0
224357,2,1,0
224359,2,1,0
224362,3,1,1
224367,2,1,0
224368,2,1,1
226301,3,0,0
226307,4,0,0
226309,5,0,0
226310,4,0,1
226319,4,1,0
226324,2,0,0
226326,3,0,0
226333,3,0,0
226336,2,0,1
226339,3,0,0
226342,5,0,1
226344,1,0,1
226347,2,1,0
226348,3,0,1
226349,2,1,1
226350,3,0,0
226351,1,1,1
226362,5,0,1
226371,4,1,0
226377,2,1,0
226387,1,0,0
226391,3,0,1
226397,1,0,1
226404,3,1,0
226405,2,1,1
226406,2,0,1
227309,1,1,1
227316,1,1,1
227321,5,1,0
227325,2,0,0
227331,1,1,1
227335,2,0,0
227337,2,1,0
227339,2,0,0
227341,2,1,0
227343,5,1,1
227344,2,0,0
227345,5,1,1
227346,2,0,1
227350,2,1,0
227351,3,1,1
227352,3,1,0
227354,2,1,0
227355,5,0,1
227356,4,1,0
227358,1,1,0
227359,2,0,0
227361,2,0,0
227362,2,0,1
227363,2,0,1
227364,2,0,1
228304,4,1,0
228305,4,1,0
228307,2,0,0
228308,3,0,0
228310,1,1,1
228312,5,1,1
228313,2,1,0
228315,2,0,0
228319,2,1,0
228321,4,1,0
228322,5,0,0
228324,1,1,1
228326,3,0,0
228328,3,0,1
228329,3,0,0
228330,2,1,0
228331,1,0,0
228332,2,0,0
228335,3,0,0
228337,3,0,0
228339,5,1,1
228341,2,0,0
228343,2,1,0
228346,2,0,0
228347,5,1,1
228348,5,0,1
228350,3,0,0
228351,5,0,0
228352,4,0,0
228353,3,1,0
228354,4,0,0
228360,2,0,0
228361,2,1,0
228362,2,0,0
228364,3,0,0
228365,5,1,1
228367,2,1,0
228370,5,0,0
228373,2,1,0
228374,5,0,0
228375,2,0,0
228379,3,0,1
228380,5,1,0
228383,1,0,0
228386,2,1,0
229301,5,0,1
229302,2,1,0
229303,2,1,0
229305,3,1,1
229307,2,1,0
229308,4,0,0
229311,1,0,1
229313,2,0,0
229315,3,0,1
229318,1,0,1
229319,1,0,1
229321,2,1,0
229322,4,0,0
229323,2,0,0
229324,2,1,1
229326,2,0,0
229327,2,1,0
229329,3,1,1
229330,3,1,0
229331,2,1,0
229332,2,1,1
229333,3,1,1
229334,2,1,0
229335,4,1,0
229336,2,1,0
229338,4,1,0
229341,3,0,1
229342,2,0,1
229343,2,1,0
229344,2,0,0
229345,2,0,1
229347,5,0,1
229348,1,1,1
229349,2,1,0
229350,2,1,0
229351,3,0,1
229352,2,1,0
229353,1,0,1
229356,4,0,0
229357,2,1,0
229358,1,0,1
229360,4,1,0
229361,3,1,1
229362,2,1,0
229363,2,0,1
229364,3,1,0
229365,5,0,0
229366,2,0,0
229367,3,0,0
229368,2,1,0
229369,2,0,0
230301,4,0,0
230302,5,1,1
230308,5,1,1
230310,5,1,0
230311,3,1,0
230316,2,0,1
230317,5,1,1
230320,3,0,0
230324,3,1,0
230330,2,1,1
230339,3,1,0
230340,1,0,1
230341,2,0,1
230342,1,0,1
230343,5,1,1
230348,2,0,1
230349,3,0,0
230351,3,0,0
230353,4,1,0
230363,5,1,1
231305,2,0,0
231306,4,1,0
231307,3,0,0
231312,1,1,0
231319,2,1,0
231320,4,1,0
231321,1,1,0
231322,1,1,1
231325,2,1,0
231326,3,1,0
231327,2,1,0
231328,2,1,0
231330,3,0,0
231331,2,1,0
231332,5,0,1
231335,1,0,0
231336,2,1,0
231338,3,1,0
231339,1,1,0
231340,3,1,0
231341,2,1,0
231347,2,0,1
231348,2,0,0
231350,1,0,1
231353,3,0,1
231354,5,0,1
231355,5,1,1
231357,2,0,0
231359,2,1,0
231360,2,0,1
231362,1,1,0
231363,1,0,0
232303,1,0,0
232310,1,0,0
232311,1,0,1
232318,1,0,0
232320,1,0,1
232331,3,0,0
232332,1,1,0
232334,1,1,1
232336,1,0,1
232342,3,0,1
232349,1,0,1
232357,1,0,1
232358,3,1,0
232371,3,0,1
232372,2,1,1
232373,4,1,0
232374,1,1,0
232376,3,0,0
232378,1,0,1
232380,2,1,0
232383,1,1,1
232390,1,0,1
233305,5,1,1
233306,5,0,1
233307,1,1,0
233308,2,0,1
233309,1,0,1
233310,2,0,0
233312,1,1,0
233314,4,1,0
233315,1,0,0
233316,2,1,0
233317,2,1,0
233318,2,1,0
233321,2,0,0
233323,4,0,0
233324,1,1,0
233326,5,1,1
233327,5,0,1
233330,2,1,0
233331,2,1,0
233333,2,1,0
233334,2,1,0
233337,1,1,1
233338,2,0,1
233339,3,0,0
233341,1,0,0
233344,3,1,0
233345,2,1,0
233346,1,0,0
233348,3,0,1
233349,2,1,0
233350,2,1,1
233351,4,1,0
233352,1,1,0
233353,5,1,1
233354,2,1,0
233355,2,0,0
233358,1,0,0
233359,4,1,0
233362,2,1,1
233363,2,0,0
233365,1,0,0
233368,3,1,0
234301,1,1,1
234303,3,1,0
234304,4,1,0
234307,3,0,0
234310,1,0,0
234311,2,0,0
234312,2,1,0
234314,1,1,0
234318,4,0,0
234321,5,0,1
234324,5,1,1
234325,5,1,1
234327,3,1,0
234328,1,0,1
234329,4,0,0
234331,1,1,0
234332,2,0,0
234334,4,0,0
234336,2,0,1
234337,2,0,0
234339,3,1,1
234345,1,1,0
234346,1,0,1
234347,1,1,1
234349,1,0,0
234352,4,0,0
234354,1,0,1
234355,1,1,1
234356,3,0,0
234357,2,1,0
234360,2,1,0
234362,5,1,0
234363,2,1,0
234364,1,0,0
234366,4,0,1
234369,4,0,0
234370,2,1,0
234372,2,1,0
234373,1,1,0
234376,1,0,1
234379,2,1,0
234380,4,0,0
235303,4,1,0
235304,3,1,0
235305,5,0,1
235307,2,0,0
235311,4,1,0
235313,1,0,1
235315,1,1,0
235318,3,0,1
235319,1,1,0
235320,2,1,0
235322,5,0,1
235323,4,0,1
235329,3,1,0
235330,3,0,1
235332,2,1,0
235335,2,0,0
235339,2,1,0
235340,3,1,1
235341,2,0,0
235346,5,1,1
235348,1,0,0
235350,2,1,0
235351,4,1,0
235352,4,0,0
235353,3,1,0
235354,2,0,0
235356,3,1,0
235358,5,1,1
235360,5,0,1
235362,3,1,1
235363,3,1,0
235364,2,0,0
235366,2,0,0
235367,3,1,1
235369,4,0,0
235370,1,0,0
236302,1,1,0
236306,2,1,1
236307,2,1,1
236309,3,1,0
236311,1,0,0
236313,1,0,0
236316,4,1,0
236318,2,1,1
236319,1,1,0
236322,3,1,1
236323,2,0,0
236325,2,1,0
236329,1,1,0
236331,1,1,0
236332,3,1,1
236334,1,0,0
236342,3,1,1
236344,1,1,0
236346,2,0,1
236347,1,0,0
236348,2,1,1
236353,2,0,0
236354,1,0,1
236355,1,1,0
236356,2,0,1
236357,1,1,0
236359,4,1,1
236361,1,1,0
236364,1,1,0
236366,3,1,0
236367,2,0,1
236368,1,1,1
236371,1,1,0
236373,1,1,0
236374,2,0,0
236375,1,0,0
236378,2,1,0
236380,1,1,0
236381,2,1,1
236382,2,1,0
236383,2,0,1
236384,1,0,0
236389,1,1,0
236390,1,0,0
236394,1,1,0
236395,1,0,0
236398,1,1,0
237301,3,0,1
237302,3,0,1
237303,5,0,1
237304,2,0,1
237307,2,0,1
237308,4,0,0
237309,1,1,1
237310,2,1,0
237312,1,1,0
237314,1,1,0
237316,1,0,0
237317,3,1,0
237318,1,0,1
237320,3,0,1
237321,1,1,0
237322,4,0,0
237323,3,1,0
237324,3,0,0
237325,1,0,0
237327,3,0,0
237328,4,0,0
237329,1,0,1
237331,2,0,0
237332,3,1,0
237333,3,1,0
237334,1,0,0
237335,3,0,1
237337,1,1,0
237338,1,0,0
237339,2,1,1
237340,3,0,0
237341,2,0,1
237343,4,1,0
237344,1,0,0
237346,1,0,0
237347,1,1,0
237348,3,0,1
237349,2,0,0
237350,1,0,0
237351,4,0,0
237353,1,0,0
237354,1,1,1
237355,1,1,0
237356,4,1,1
237357,3,1,0
237358,3,0,0
237359,3,1,0
237360,2,0,0
237362,1,1,0
237364,1,0,0
238301,1,0,0
238304,5,0,1
238305,1,0,0
238307,3,0,1
238309,1,1,0
238312,2,1,0
238313,4,1,0
238314,1,0,0
238315,1,1,0
238316,1,0,0
238317,2,0,0
238318,1,0,0
238319,3,0,0
238320,1,1,0
238322,3,0,1
238323,1,1,0
238324,1,0,0
238325,1,1,0
238326,2,1,0
238327,1,1,0
238328,2,1,0
238329,2,0,1
238330,1,1,0
238331,1,1,0
238332,3,1,0
238333,2,1,0
238334,1,0,0
238335,2,0,0
238336,1,1,0
238340,1,0,0
238343,2,0,0
238344,2,0,0
238345,4,1,0
238346,1,0,0
238347,2,0,1
238348,2,0,0
238351,5,0,0
238352,2,1,0
238354,1,0,0
238357,3,1,1
238358,3,0,1
238361,1,1,0
238362,1,0,0
238363,1,0,0
238366,2,1,0
238367,1,1,0
238368,2,1,0
238369,5,1,1
238370,3,1,1
238391,1,1,0
238392,1,1,0
238393,1,0,0
238394,3,0,0
238395,2,1,1
238396,1,1,0
238397,2,0,0
238398,1,1,0
238399,3,1,0
238400,1,1,0
238404,1,1,0
239304,4,0,0
239307,2,0,0
239308,2,1,1
239309,2,0,1
239310,2,1,0
239314,2,1,0
239315,1,0,0
239317,1,1,0
239318,2,0,0
239319,2,0,0
239320,1,0,0
239321,2,1,1
239323,2,1,0
239324,2,0,1
239329,1,0,0
239330,2,1,0
239331,5,1,1
239332,2,1,0
239337,3,0,0
239338,1,0,1
239341,2,1,0
239342,1,1,0
239344,5,0,1
239349,1,0,1
239352,1,0,0
239356,1,0,1
239359,2,0,1
239360,5,0,0
239361,2,0,0
239367,3,0,0
239368,3,1,1
239369,2,1,1
239371,1,1,1
239372,3,1,1
239373,5,1,1
240307,4,0,0
240308,1,1,0
240309,2,0,0
240312,4,0,0
240313,3,0,1
240314,3,1,1
240315,1,1,0
240318,5,0,1
240319,1,1,1
240325,5,0,1
240326,3,1,1
240328,5,0,1
240329,4,0,0
240331,5,1,1
240333,1,0,1
240334,5,1,0
240337,1,1,1
240338,2,1,0
240342,5,0,0
240345,5,0,1
240346,5,0,0
240347,1,0,1
240348,2,1,0
240349,1,1,1
240354,3,0,0
240358,2,0,0
240359,4,0,0
240360,2,1,0
240362,5,0,0
240365,2,1,0
240369,4,0,0
240370,2,1,0
240374,3,1,1
240376,2,1,0
240377,4,1,0
240378,5,1,1
240380,1,1,0
241302,3,0,1
241304,5,1,0
241308,3,0,0
241310,1,0,0
241314,4,1,1
241315,5,1,1
241317,2,1,1
241321,2,0,0
241322,3,0,1
241326,5,0,0
241327,2,1,0
241330,2,1,1
241333,4,1,0
241334,1,0,1
241335,4,1,0
241338,1,0,1
241339,3,0,1
241343,2,1,0
241344,5,1,1
241348,2,1,0
241350,3,0,1
241352,3,1,0
241355,2,0,1
241356,2,0,1
241357,4,1,0
241361,3,1,1
241364,3,0,1
241365,2,0,0
241370,1,1,1
242301,2,1,0
242303,5,0,0
242306,3,0,1
242308,2,1,0
242310,1,0,1
242311,2,1,1
242312,3,1,0
242314,3,1,0
242316,2,0,0
242317,4,0,0
242318,1,0,1
242319,3,1,0
242320,2,0,0
242322,3,0,0
242323,3,0,0
242324,4,1,0
242325,2,0,0
242326,2,1,0
242331,2,1,1
242332,3,0,0
242333,2,1,0
242336,3,1,0
242337,2,1,0
242340,2,0,0
242341,1,1,0
242342,4,0,0
242347,2,0,0
242349,5,1,1
242350,2,0,0
242351,2,0,0
242352,2,1,1
242353,3,1,1
242355,3,1,0
242357,5,0,1
242358,1,1,1
242360,2,1,0
242363,4,1,0
242364,2,0,1
242367,1,0,1
242368,3,1,1
243303,1,1,0
243304,3,1,0
243306,3,0,1
243311,2,0,0
243313,1,0,0
243316,2,0,0
243317,1,1,0
243319,1,1,0
243328,1,0,0
243331,1,1,0
243332,1,1,1
243336,1,0,0
243339,4,1,0
243345,1,1,1
243347,2,1,0
243348,2,0,1
243350,2,1,0
243355,1,1,0
243359,1,1,1
243364,3,0,1
243367,1,0,1
244301,2,0,0
244302,2,1,0
244305,3,1,1
244306,4,1,0
244309,2,0,0
244310,1,1,0
244311,3,0,0
244313,5,0,1
244317,2,0,0
244320,3,1,0
244321,3,0,0
244322,1,1,0
244324,4,0,0
244331,2,1,0
244332,1,0,0
244336,2,0,0
244338,1,0,1
244341,2,0,1
244342,2,0,0
245302,2,1,0
245309,1,0,1
245313,2,1,0
245314,2,1,0
245318,2,0,0
245321,3,1,0
245322,1,0,0
245324,1,0,0
245326,2,0,1
245327,1,1,0
245328,2,1,0
245330,2,0,0
245340,2,1,1
245349,1,0,1
245366,2,1,0
245368,2,0,0
245370,3,0,0
245376,1,1,0
246301,2,1,1
246303,2,0,0
246306,1,1,1
246307,2,0,1
246308,3,0,1
246309,2,1,1
246311,3,1,0
246315,2,0,0
246316,1,1,1
246317,3,1,1
246324,3,0,0
246327,1,0,1
246328,2,1,1
246329,3,1,1
246330,2,0,0
246337,2,1,0
246338,4,1,0
246339,3,1,1
246340,3,0,1
246341,3,1,1
246342,1,0,1
246345,2,0,0
246346,5,1,1
246347,3,0,1
246350,1,0,1
246353,2,1,0
246354,2,1,0
246358,3,0,1
246360,2,1,0
246368,4,1,0
247301,3,0,1
247302,5,0,1
247303,1,0,0
247309,2,1,0
247310,2,0,0
247311,2,0,1
247312,2,1,0
247313,2,1,0
247317,3,1,1
247319,2,1,0
247323,2,0,1
247324,2,0,0
247326,5,1,0
247327,2,1,1
247330,2,1,0
247332,2,0,0
247334,2,1,1
247336,2,0,0
247342,2,1,0
247343,5,1,1
247344,1,1,1
247349,5,1,0
247350,3,0,0
247352,5,0,1
247353,3,0,1
247357,5,0,1
247358,2,0,0
247359,3,1,1
247362,3,0,1
247363,3,1,1
247365,2,1,0
247367,2,1,0
247368,2,0,1
247372,2,1,0
247373,3,1,0
301301,3,1,1
301302,3,1,1
301303,3,0,1
301308,1,0,0
301312,1,1,1
301314,5,1,0
301315,1,0,1
301317,3,0,1
301318,5,1,0
301319,3,1,0
301321,1,1,0
301323,5,1,0
301324,5,0,1
301325,1,1,1
301327,2,1,0
301329,3,1,0
301330,3,1,0
301331,3,1,1
301332,4,0,1
301334,2,1,0
301338,5,1,1
301339,4,1,0
301341,5,1,0
301345,3,1,1
301346,2,1,0
301347,3,1,0
301348,3,0,1
301349,1,1,1
301351,4,0,0
301352,2,0,0
301355,3,0,1
301357,1,1,0
301360,1,1,1
301361,3,1,0
301363,4,1,0
301365,4,1,0
301366,5,0,0
301367,1,1,0
301369,3,1,0
301370,3,0,1
301381,5,0,1
301383,2,1,0
301386,3,0,1
301388,2,1,0
301389,3,1,1
301390,5,0,0
302301,3,0,1
302302,2,1,0
302303,2,1,0
302304,1,1,0
302306,1,1,1
302307,2,0,0
302308,1,0,0
302309,3,1,0
302310,2,0,0
302311,4,0,0
302313,2,0,0
302314,5,0,1
302315,3,1,1
302317,2,0,0
302318,2,1,0
302319,2,0,0
302320,2,1,1
302321,1,0,0
302322,2,0,0
302325,4,0,0
302326,2,0,1
302327,2,1,0
302328,2,1,0
302329,2,1,0
302330,2,1,0
302331,2,0,0
302332,3,1,1
302333,3,1,0
302334,2,0,0
302335,2,1,0
302336,2,1,0
302338,2,1,0
302339,2,1,0
302340,3,0,1
302342,1,0,0
302343,2,1,0
302344,2,0,0
302345,2,1,1
302346,3,0,1
302347,2,0,0
302348,2,1,0
302350,3,1,1
302351,2,1,0
302353,3,1,0
302354,3,0,1
302355,1,1,0
302356,5,0,1
302357,5,0,1
302358,5,0,1
302360,1,1,1
302361,2,0,0
302362,5,0,1
302363,2,1,0
302364,2,1,0
302365,3,1,0
302367,2,1,0
302368,2,0,0
302369,2,0,0
302370,3,1,0
302391,2,0,0
302392,2,1,0
302393,3,0,0
302394,2,1,0
302395,1,0,0
302397,3,1,1
302398,3,1,1
302399,1,0,1
302400,1,0,0
302401,2,0,1
302402,2,1,0
302403,2,1,0
302404,5,0,1
302405,3,0,1
302406,4,0,0
302407,2,0,1
302408,3,1,1
302409,2,0,0
302410,3,0,1
302411,2,1,0
302413,3,0,1
302414,4,0,1
302415,3,0,0
302416,2,1,0
302417,5,1,0
302418,3,1,1
302419,3,1,1
302420,5,0,1
302421,3,0,1
302422,3,0,0
302423,2,0,0
302424,3,0,1
302425,2,1,0
302426,1,1,0
302427,3,0,1
302429,3,0,0
302430,3,0,1
303301,1,1,0
303302,1,0,0
303303,2,0,0
303304,3,0,1
303305,2,0,0
303306,5,1,0
303307,3,1,0
303309,2,0,0
303310,1,0,0
303311,3,0,1
303312,1,1,0
303313,2,1,0
303314,2,0,0
303318,1,1,0
303319,2,1,0
303320,3,1,0
303321,2,0,0
303322,1,1,0
303324,5,1,0
303325,3,0,0
303327,1,0,0
303329,1,1,0
303330,1,1,0
303332,2,0,0
303333,2,1,0
303335,3,0,0
303336,2,1,0
303337,2,1,1
303341,2,1,0
303342,3,1,1
303343,1,1,0
303345,1,0,0
303346,2,0,0
303347,5,0,0
303349,2,0,0
303350,1,1,0
303351,2,1,0
303352,3,0,1
303353,2,0,0
304301,2,0,0
304302,2,0,0
304303,2,1,0
304307,2,1,0
305305,5,0,1
305306,1,1,0
305311,3,1,1
307301,2,1,1
307302,1,0,0
307303,1,0,0
307304,2,1,0
307306,5,1,1
307310,4,1,0
307311,1,1,0
307314,3,0,1
307317,3,0,1
307318,3,0,1
307322,2,0,0
307323,1,1,1
307327,4,0,0
307329,4,0,0
307337,3,0,1
307338,2,1,0
307339,1,1,0
307342,2,1,1
307344,3,1,0
307345,2,0,0
307347,2,1,0
307348,2,0,0
307351,2,1,0
307352,3,0,1
308306,1,0,1
308307,5,1,1
308337,2,0,1
309303,1,0,0
309304,2,1,0
309305,5,0,1
309306,1,1,0
309307,3,1,0
309308,2,1,0
309309,2,1,0
309310,1,0,0
309311,1,1,0
309312,3,1,0
309313,3,1,0
309314,5,0,1
309315,3,1,0
309316,2,0,0
309317,1,1,0
309319,5,0,1
309320,3,1,0
309321,1,1,0
309322,4,1,0
309323,2,1,0
309325,2,0,0
309326,2,1,0
309327,4,1,0
309328,1,1,0
309329,2,0,0
309330,5,0,1
309331,1,0,0
309333,1,0,1
309334,1,0,0
309335,1,1,1
309338,1,1,0
309339,1,1,0
309341,5,0,0
309342,5,0,0
309343,2,1,0
309344,4,1,0
309345,1,1,0
309346,3,1,0
309347,2,1,0
309348,1,0,0
309349,3,0,1
309351,1,1,0
309352,5,0,0
309354,2,0,0
309355,5,0,1
309357,1,0,0
309359,2,1,0
309360,3,0,1
309361,2,1,0
309363,1,0,0
309364,1,0,0
309365,1,0,0
309366,3,0,1
309367,1,0,0
309368,4,1,0
309369,1,1,0
309370,2,0,0
309392,1,1,0
309393,1,0,0
309394,1,1,0
309397,2,1,0
309398,3,1,0
309400,4,1,0
309401,1,0,1
309402,2,1,0
309403,1,0,0
309404,1,0,0
309405,5,0,1
309406,2,1,0
309407,3,1,1
309409,1,1,0
309410,1,0,0
309411,1,1,0
309412,4,0,0
309413,4,1,0
309415,1,1,0
309416,1,1,0
309417,1,0,1
309418,2,1,0
309420,3,0,1
309421,1,0,0
309422,1,0,0
309423,3,0,0
309424,5,0,1
101101,3,0,1
101102,2,0,0
101103,4,1,1
101105,2,1,0
101106,2,1,0
101109,4,0,0
101111,2,1,0
101112,2,1,0
101113,2,1,0
101114,2,1,0
101115,2,1,0
101118,2,0,0
101119,2,0,0
101121,1,0,0
101123,3,1,0
101124,3,1,1
101126,3,0,0
101127,2,0,0
101129,3,1,1
101130,2,1,0
101131,3,0,1
101133,1,0,1
101134,3,1,1
101137,1,0,0
101138,2,0,1
101143,1,0,1
101144,3,0,1
101145,3,1,1
101148,1,0,1
101150,1,0,1
101152,1,0,1
101158,1,0,1
101160,1,0,1
101161,2,1,0
101181,4,0,1
101187,3,0,1
102104,1,1,1
102108,1,1,0
102115,1,0,1
102117,3,0,1
102119,3,1,1
102121,1,0,1
102140,1,0,1
102141,2,1,1
102142,2,0,0
102146,2,0,1
102162,1,0,0
103110,1,1,0
103125,4,0,0
103139,1,0,1
103140,1,0,0
103159,2,0,1
104101,4,1,1
104102,3,1,0
104103,4,1,1
104104,3,0,1
104106,2,0,0
104108,2,1,0
104109,2,1,0
104110,1,0,0
104111,2,0,0
104112,2,0,0
104115,2,0,0
104116,4,1,0
104119,1,0,0
104120,4,0,1
104122,1,1,0
104123,4,0,1
104125,4,0,1
104126,1,0,1
104127,1,0,1
104128,2,1,0
104129,2,0,0
104130,3,1,0
104131,3,0,0
104133,2,1,0
104134,2,1,1
104135,3,1,0
104137,2,1,1
104138,4,1,1
104139,4,1,0
104142,2,1,0
104143,3,0,1
104145,3,0,0
104146,2,1,0
104149,3,0,1
104150,4,0,1
104152,2,0,1
104153,4,0,0
104154,4,0,0
104155,3,1,1
104156,4,0,0
104157,4,1,1
104159,2,1,0
104161,3,0,1
104162,4,0,1
104164,2,1,0
104165,2,1,0
104166,3,1,0
104167,2,1,0
104169,1,1,0
104170,1,1,0
104171,3,1,0
104172,2,1,0
104173,2,0,0
104175,4,0,1
104177,3,1,0
104178,4,1,1
104179,3,1,1
104180,4,1,0
104181,2,1,0
104188,4,1,0
104189,3,0,1
104190,2,1,0
104192,3,1,1
104193,3,1,0
104195,2,0,0
104197,2,1,0
105101,3,0,0
105102,3,0,0
105103,2,0,0
105104,2,0,0
105105,2,0,0
105110,2,1,0
105111,3,1,0
105112,4,1,0
105114,4,1,1
105117,4,1,0
105119,2,1,0
105120,4,0,0
105121,3,0,1
105122,2,0,0
105123,3,0,1
105126,2,0,0
105128,4,1,0
105130,2,1,0
105131,4,1,1
105132,3,1,0
105133,3,0,1
105134,3,0,1
105135,2,1,0
105137,3,1,1
105139,4,0,0
105140,3,0,1
105143,3,1,0
105144,2,1,0
105145,2,1,0
105147,3,1,1
105150,3,0,1
105152,3,0,0
105153,2,0,1
105160,4,0,1
105161,2,0,1
105162,4,1,1
105163,2,1,0
105164,1,1,1
105168,2,0,0
105169,1,1,1
106106,2,1,0
106107,3,1,1
106108,3,1,1
106110,2,0,0
106111,1,1,1
106112,2,0,0
106114,3,1,0
106121,2,0,0
106124,1,0,1
106125,2,0,0
106126,3,0,1
106130,1,0,1
106133,1,1,1
106139,2,0,1
106141,3,0,1
106142,1,0,1
106144,1,1,1
106150,3,0,1
106151,3,1,1
106155,1,0,1
106157,1,1,1
106161,1,0,1
106163,2,0,0
106166,3,0,1
106171,1,1,1
106172,1,0,1
108101,2,0,0
108102,1,1,1
108104,1,0,1
108105,2,1,0
108107,3,0,1
108109,3,1,1
108110,2,1,0
108111,1,0,0
108112,2,1,0
108114,2,1,0
108118,1,1,1
108123,3,1,1
108124,2,0,1
108126,2,1,1
108128,2,0,0
108130,3,1,1
108133,3,0,1
108138,2,0,1
108140,2,1,0
108142,2,1,0
108143,2,0,0
108147,4,1,0
108150,2,1,1
108154,2,1,1
108155,2,1,0
108156,4,1,1
108157,2,1,0
108158,2,1,0
108159,2,1,0
108162,4,0,1
108167,2,1,1
108168,2,1,1
109112,4,0,1
109113,4,1,1
109114,4,1,1
109115,1,0,1
109122,3,0,1
109126,3,1,1
109128,4,1,1
109130,3,1,1
109132,4,1,1
109133,4,0,0
109152,3,0,0
109156,2,1,0
109160,4,0,1
110108,1,1,1
110109,2,1,0
110112,1,0,1
110114,1,0,0
110116,1,0,0
110117,3,0,1
110122,1,1,0
110123,1,1,1
110124,2,0,0
110125,2,0,0
110127,3,0,1
110128,1,1,1
110130,1,0,1
110133,1,1,0
110135,2,1,0
110137,3,0,1
110139,3,0,1
110144,1,0,1
110146,3,0,1
110147,1,0,0
110150,1,1,1
110152,3,0,1
110154,1,0,1
110155,1,0,0
110158,1,0,0
110160,4,0,0
110162,1,1,1
110163,1,1,0
110167,4,0,1
111103,1,0,1
111112,3,1,1
111118,2,1,0
111130,3,1,1
111146,1,0,1
111151,3,0,1
111160,3,0,1
111169,2,0,0
111171,2,0,0
112107,4,1,1
112109,4,1,1
112110,4,1,1
112114,3,1,1
112115,3,1,1
112120,2,0,0
112125,3,1,0
112126,3,1,0
112128,3,1,0
112136,2,1,1
112137,3,1,0
112139,4,0,1
112142,4,1,1
112145,1,1,1
112146,1,1,1
112149,3,1,1
112150,4,0,1
112151,3,1,0
112153,2,1,0
112157,3,0,0
112159,1,1,1
112161,3,1,0
112162,4,0,1
112165,3,1,0
112177,2,1,0
112181,3,1,0
112185,4,0,1
112186,4,0,1
112191,4,1,1
112192,3,1,0
112195,2,1,0
112196,3,0,0
112197,4,1,1
114101,4,1,0
114105,4,0,1
114106,2,1,0
114107,2,0,0
114110,3,1,0
114112,1,1,0
114115,1,0,1
114124,2,1,0
114126,3,1,0
114127,4,1,1
114128,4,1,0
114131,3,1,1
114133,3,1,0
114134,1,1,0
114135,3,1,1
114136,2,1,0
114138,2,1,1
114139,1,0,1
114141,1,1,0
114142,3,1,1
114143,2,1,1
114148,1,0,1
114149,1,0,1
114159,2,0,1
114161,1,1,0
114162,4,1,0
114163,4,1,0
114165,1,0,1
114168,4,0,0
114170,4,0,0
114171,3,0,1
115101,4,0,1
115102,2,1,0
115103,4,0,0
115104,4,1,0
115107,2,0,0
115111,3,0,1
115112,2,0,0
115113,1,1,1
115115,4,0,1
115118,4,1,1
115119,1,0,0
115121,3,1,0
115125,4,0,1
115127,3,0,0
115128,2,1,0
115129,2,1,0
115131,4,1,1
115132,2,0,0
115134,3,1,1
115135,4,0,0
115138,2,1,0
115139,2,1,0
115144,2,1,0
115147,2,1,0
115148,3,0,1
115149,4,0,1
115150,2,0,0
115153,3,0,0
115156,3,1,0
115157,2,0,0
115158,1,1,0
115159,3,0,0
115160,3,1,0
115164,4,0,1
115165,2,1,0
115191,3,0,1
115196,4,0,1
115203,2,0,0
115208,4,0,0
115216,2,1,0
115217,4,0,1
115221,1,1,0
115224,4,0,1
115225,3,1,0
115229,4,1,1
115235,3,0,1
115238,4,0,1
115241,4,1,0
115248,4,1,1
115252,1,0,0
115260,2,1,1
115270,4,0,0
116102,4,0,1
116109,3,0,1
116110,2,0,0
116115,2,0,0
116117,4,0,1
116118,2,0,0
116119,2,1,0
116120,1,1,0
116128,3,1,0
116129,3,1,0
116135,4,0,0
116136,1,1,0
116138,2,0,0
116141,4,1,1
116142,4,1,0
116144,3,1,1
116146,4,0,1
116154,2,1,0
116156,1,1,0
116158,4,0,0
116161,3,0,0
116162,4,0,1
116165,4,0,1
116166,3,0,0
116169,3,1,1
116170,4,0,1
116171,3,0,1
116172,4,1,1
116201,4,0,1
116211,3,1,0
116215,1,0,0
116218,2,0,0
116226,1,1,0
116227,2,1,0
116228,4,1,1
117101,3,0,1
117102,3,1,1
117103,2,0,0
117104,3,1,1
117105,2,1,1
117106,3,0,1
117108,2,0,1
117110,2,1,1
117112,4,1,1
117114,2,0,0
117116,3,1,1
117117,2,1,0
117118,2,1,1
117119,1,1,1
117120,1,1,1
117122,3,0,1
117124,4,1,1
117125,1,0,1
117126,3,0,1
117127,3,0,1
117128,1,1,1
117130,1,0,1
117134,2,0,0
117138,3,1,1
117139,2,1,0
117140,3,1,0
117141,2,1,0
117142,2,0,1
117143,2,0,0
117144,2,0,1
117145,2,0,0
117146,3,1,1
117147,1,1,1
117148,3,1,1
117149,2,1,1
117151,2,1,0
117152,1,1,1
117154,2,1,0
117157,4,1,0
117164,2,1,0
117165,3,1,1
117166,3,0,1
117167,2,1,0
117190,1,0,1
118102,3,1,1
118103,1,0,0
118105,3,0,1
118107,1,0,0
118108,2,1,0
118109,2,1,0
118110,2,1,0
118111,3,0,0
118112,3,0,1
118114,3,0,1
118115,3,1,1
118116,3,0,1
118117,3,0,1
118118,3,0,1
118120,3,0,1
118121,1,1,0
118122,4,1,0
118124,3,1,1
118125,2,0,1
118126,4,0,1
118128,3,0,1
118129,1,0,0
118130,3,0,1
118131,4,0,1
118133,2,0,0
118135,1,0,0
118136,3,0,1
118137,3,1,1
118138,2,0,0
118139,1,0,0
118141,2,1,0
118142,1,1,1
118143,1,1,0
118144,2,0,0
118145,1,1,0
118148,1,1,0
118151,3,0,1
118156,4,0,1
118157,2,1,0
118159,2,0,0
118160,2,0,0
118161,2,1,0
118162,4,1,0
118163,3,0,1
119101,3,1,1
119102,4,1,1
119103,3,1,0
119104,1,0,0
119105,4,0,1
119107,4,1,1
119108,4,1,1
119109,4,0,1
119110,3,0,1
119111,4,0,0
119113,3,0,1
119114,4,0,1
119115,1,1,1
119116,3,0,0
119117,1,0,1
119119,2,1,1
119120,4,0,1
119121,2,1,1
119122,3,0,0
119123,4,1,1
119125,2,1,0
119126,3,0,0
119127,3,0,1
119130,3,0,1
119131,4,0,1
119134,3,0,0
119136,4,1,1
119137,2,1,0
119138,3,0,1
119139,4,1,1
119140,3,0,0
119141,4,0,1
119143,3,1,0
119145,4,0,0
119146,1,0,1
119147,4,1,0
119148,3,0,0
119149,3,0,1
119150,3,1,1
119152,3,0,0
119154,4,0,1
119155,3,0,1
119156,1,1,0
119157,3,0,1
119158,1,1,1
119159,3,1,1
119160,4,1,1
119161,3,1,1
119162,4,1,0
119163,3,0,0
120101,4,0,1
120102,2,0,0
120103,4,1,0
120104,4,1,0
120106,4,0,1
120108,1,1,0
120109,1,0,0
120110,2,1,0
120111,2,0,0
120115,1,0,0
120116,2,1,0
120117,2,1,0
120121,2,1,1
120122,2,1,0
120123,1,1,0
120124,4,0,0
120125,2,0,0
120128,2,0,0
120130,3,1,0
120135,4,0,0
120137,4,0,1
120138,1,1,0
120139,4,0,1
120142,3,1,0
120145,2,1,0
120146,2,0,0
120147,1,1,0
120149,2,1,0
120151,1,1,0
120152,4,1,1
120157,1,1,0
120159,2,0,0
120161,2,1,0
120163,3,0,1
120164,3,1,1
120166,2,1,0
120167,2,1,0
120168,1,0,0
121101,4,0,0
121102,3,1,1
121104,3,0,0
121106,3,0,0
121107,2,1,0
121108,3,1,1
121110,4,0,0
121111,4,0,1
121112,4,0,1
121113,4,0,1
121114,4,0,0
121115,4,0,1
121117,3,0,1
121118,4,0,1
121119,2,0,0
121120,4,1,0
121121,2,1,0
121122,3,0,1
121123,2,1,0
121124,2,1,1
121125,2,1,0
121126,4,0,0
121127,4,0,1
121129,2,1,0
121130,3,0,1
121131,4,0,1
121133,3,1,1
121135,2,1,0
121136,1,0,0
121137,2,0,0
121138,4,0,1
121139,3,0,1
121140,2,1,1
121142,3,0,0
121143,4,0,0
121144,4,0,1
121145,2,0,0
121148,1,0,0
121149,3,0,1
121150,2,1,0
121151,1,1,0
121152,1,1,0
121156,2,0,0
121158,2,1,0
121160,2,1,0
121161,1,1,0
121162,4,0,1
122104,2,0,0
122105,3,1,1
122106,4,1,0
122107,3,0,1
122108,3,1,0
122110,2,0,0
122112,1,0,1
122115,2,0,1
122116,3,1,0
122120,2,1,0
122124,3,0,1
122128,3,1,0
122129,2,0,0
122130,3,0,1
122131,1,1,1
122132,4,1,0
122134,2,1,0
122135,4,1,0
122136,2,0,0
122138,2,1,1
122140,4,1,0
122143,2,0,0
122144,3,0,1
122146,4,0,1
122149,2,0,0
122154,4,0,1
122155,2,1,0
122156,2,1,1
122157,3,1,1
122159,3,1,1
122160,1,0,1
122161,2,0,0
123101,4,0,1
123102,4,1,0
123103,3,0,0
123104,4,0,1
123105,3,1,0
123106,4,0,1
123107,2,0,0
123108,4,1,1
123111,3,0,0
123112,4,0,1
123113,2,0,0
123114,3,1,0
123115,3,0,1
123117,4,1,0
123119,1,1,1
123120,4,0,1
123121,4,0,1
123124,1,1,1
123125,3,0,0
123126,3,1,0
123127,1,1,0
123128,2,1,0
123129,1,0,1
123132,3,1,0
123134,3,1,0
123135,4,0,1
123137,2,1,0
123139,3,0,0
123140,1,1,1
123141,4,0,1
123142,4,1,1
123145,2,1,0
123146,2,1,0
123147,2,1,0
123148,1,0,1
123149,1,1,1
123150,4,0,1
123151,4,0,1
123153,2,1,0
123154,4,1,1
123156,1,1,1
123157,4,1,1
123158,3,0,0
123159,4,0,1
123160,4,0,0
123161,2,0,0
124102,3,1,0
124106,3,1,0
124107,2,0,1
124108,2,1,1
124111,4,0,0
124113,2,0,0
124114,2,1,0
124116,4,0,1
124118,4,0,1
124121,1,0,1
124125,2,0,1
124127,3,1,1
124129,4,0,1
124132,2,1,0
124135,4,0,0
124136,2,0,0
124141,2,0,0
124144,4,0,1
124145,4,0,1
124148,4,0,1
124150,2,1,0
124151,3,0,1
124169,4,1,0
126101,3,0,1
126103,4,1,0
126105,2,1,0
126106,2,0,1
126110,4,1,1
126112,3,1,1
126113,2,1,0
126114,4,1,0
126115,4,1,1
126116,2,0,0
126118,3,1,1
126119,3,0,1
126120,4,0,0
126121,3,0,0
126123,1,1,1
126125,3,1,0
126129,2,0,1
126130,1,1,1
126133,3,1,1
126134,4,0,1
126136,3,0,1
126139,4,1,1
126140,2,0,0
126141,4,0,1
126143,2,1,1
126144,1,0,1
126148,2,1,0
126149,1,0,1
126150,1,0,1
126153,4,0,0
126155,4,1,0
126156,3,1,1
126158,2,0,1
126159,2,0,1
126161,3,1,1
126162,3,0,1
126164,4,0,0
126165,4,0,0
126167,3,0,0
127102,3,1,1
127103,2,1,0
127104,2,1,0
127105,1,0,1
127107,4,0,1
127111,3,0,0
127115,2,1,1
127116,2,1,0
127117,2,1,0
127118,2,0,0
127124,4,1,1
127126,4,1,1
127127,4,1,0
127128,4,0,1
127130,4,0,1
127132,3,1,1
127133,3,1,1
127134,2,0,1
127136,4,1,0
127137,3,1,0
127140,3,1,1
127141,1,0,1
127145,3,0,1
127147,2,1,0
127148,2,1,0
127151,3,1,1
127152,1,0,1
127153,3,1,0
127155,2,1,1
127156,3,1,1
127157,3,0,1
127158,4,0,1
127159,3,1,0
127160,4,0,1
127161,2,1,1
127163,4,0,0
127164,3,0,1
127165,3,1,0
127168,4,0,1
128101,2,1,0
128102,4,1,1
128105,2,1,0
128106,1,1,1
128107,2,0,0
128108,3,1,1
128111,2,1,0
128112,2,1,0
128114,2,1,1
128116,2,0,0
128117,4,1,0
128119,3,0,1
128122,4,1,0
128125,3,0,1
128126,2,0,0
128127,4,0,1
128128,4,0,1
128129,4,0,1
128131,1,0,1
128132,4,0,1
128133,2,1,0
128138,4,1,0
128139,3,0,1
128140,4,1,1
128141,4,0,1
128145,2,0,0
128149,3,0,1
128151,4,0,1
128153,3,0,0
128154,4,0,0
128156,2,1,0
128157,2,0,0
128159,2,0,0
128160,4,0,1
128161,1,1,0
128162,2,0,0
128163,3,0,0
128165,4,0,0
129103,3,0,0
129106,3,0,0
129107,2,1,0
129112,3,1,0
129113,3,0,1
129115,3,1,0
129117,4,1,0
129119,4,0,0
129120,4,0,0
129121,4,1,1
129122,3,0,1
129123,2,1,0
129125,3,1,1
129126,2,0,1
129127,4,1,1
129131,4,0,1
129132,2,0,0
129133,4,0,1
129137,3,1,1
129140,3,1,0
129143,2,0,0
129145,3,1,1
129147,3,0,1
129150,2,0,0
129151,4,1,0
129153,3,1,1
129155,2,1,1
129156,3,1,0
129159,2,1,0
129160,3,0,1
129162,3,0,1
129164,3,1,0
129172,3,1,0
129175,3,0,1
129177,2,1,1
130101,2,1,0
130102,2,1,0
130104,2,0,0
130105,4,0,1
130106,3,0,0
130113,3,0,0
130115,4,0,0
130116,3,0,0
130117,3,0,1
130118,2,1,0
130119,2,0,0
130121,4,0,1
130123,3,1,0
130130,4,1,0
130131,4,0,1
130132,2,0,0
130133,3,0,0
130135,4,1,1
130137,4,1,1
130138,3,1,0
130141,3,0,1
130142,4,0,1
130143,4,1,1
130144,2,0,0
130146,3,0,0
130148,4,0,0
130149,2,0,0
130151,4,0,0
130153,2,0,0
130155,2,1,1
130163,3,1,0
130166,2,0,0
131101,2,0,0
131102,2,0,1
131104,2,0,0
131105,1,0,1
131109,3,0,0
131111,2,0,0
131115,4,0,1
131116,4,0,1
131117,4,0,1
131119,3,0,1
131122,1,0,0
131124,3,0,1
131125,1,0,1
131126,2,0,0
131127,4,0,0
131129,2,0,0
131130,2,0,0
131136,4,1,0
131139,2,1,0
131140,4,1,0
131141,2,1,0
131143,2,1,0
131144,2,1,0
131146,3,1,0
131147,1,1,1
131148,2,1,0
131150,4,1,1
131152,4,1,0
131153,4,1,0
131157,2,1,0
131164,2,0,0
131165,2,0,1
132112,2,1,0
132115,4,0,1
132116,4,0,1
132129,1,0,0
132134,1,1,1
132136,2,0,0
132138,2,0,1
132143,4,1,0
132144,1,1,0
132153,1,1,1
132159,4,1,1
132164,4,0,1
133101,2,1,0
133105,1,1,0
133107,4,0,0
133112,4,0,0
133114,1,0,0
133115,2,0,0
133118,2,0,0
133121,4,0,1
133122,2,0,1
133123,4,1,1
133124,2,0,0
133126,2,0,0
133128,3,0,0
133129,2,0,0
133133,4,1,1
133134,2,0,0
133135,1,0,0
133140,1,1,0
133141,3,0,0
133144,2,0,1
133145,2,0,0
133147,4,1,0
133149,3,0,1
133151,2,1,0
133152,2,1,0
133156,2,1,1
133158,3,0,0
133163,2,1,0
133166,3,0,0
133180,4,1,0
133181,2,0,0
133182,1,0,1
133184,2,1,0
133189,1,0,1
133190,1,0,0
134101,3,1,1
134102,3,1,1
134103,2,0,1
134107,2,0,0
134108,1,1,1
134109,3,1,0
134110,1,0,1
134114,2,1,0
134116,4,0,1
134117,4,0,0
134118,2,1,1
134120,3,1,1
134121,1,1,1
134123,3,1,0
134124,1,0,0
134126,3,1,1
134128,4,1,0
134129,2,1,0
134130,4,1,1
134133,3,1,0
134135,3,0,0
134137,3,0,1
134140,3,0,0
134142,4,0,1
134143,2,1,0
134144,1,1,1
134146,1,0,1
134148,4,1,1
134149,2,0,0
134150,4,1,1
134152,1,1,0
134153,2,1,1
134155,2,0,0
134158,3,1,1
134159,4,1,0
134160,3,0,0
134162,1,0,1
135102,1,1,0
135103,2,1,1
135106,4,0,1
135107,1,1,1
135109,4,1,0
135110,1,1,0
135111,1,1,1
135112,2,0,0
135114,4,1,1
135117,2,0,1
135120,1,1,0
135121,3,0,1
135122,2,0,0
135123,2,1,1
135124,4,0,0
135129,3,1,0
135130,3,0,1
135132,2,1,1
135133,4,0,0
135134,4,0,1
135135,3,1,0
135136,3,1,1
135137,3,0,0
135138,3,1,1
135140,3,0,1
135141,2,0,1
135142,2,1,0
135143,3,0,1
135144,2,1,0
135145,1,1,0
135148,4,1,1
135149,3,0,0
135152,2,0,0
135153,1,1,0
135154,2,1,0
135156,2,1,0
135157,3,1,0
135158,3,0,1
135161,3,0,0
135163,3,1,1
135164,1,0,1
135165,2,1,0
135167,2,0,0
136101,1,1,1
136103,2,1,0
136105,2,1,0
136107,2,0,0
136109,1,1,0
136110,3,0,1
136111,3,0,1
136112,4,0,1
136113,3,0,1
136114,2,0,0
136116,3,0,1
136117,3,1,1
136119,1,0,1
136120,2,1,0
136122,1,1,0
136123,3,1,0
136124,2,0,0
136128,2,0,0
136130,2,1,0
136131,4,0,1
136132,2,0,0
136133,2,0,0
136135,2,1,0
136137,2,1,1
136138,3,1,1
136140,2,1,0
136144,1,0,1
136145,4,0,0
136146,1,1,0
136147,3,1,1
136151,4,0,1
136153,1,1,0
136158,2,1,0
136160,1,0,1
136161,4,0,1
136162,2,1,0
136164,3,0,1
136167,4,0,0
136168,2,1,0
136170,3,0,1
137102,1,0,0
137103,3,0,1
137104,2,0,0
137105,2,0,0
137107,2,1,0
137108,4,0,0
137109,2,0,1
137111,2,1,1
137112,2,0,0
137113,1,0,0
137114,3,0,1
137115,1,0,1
137116,3,1,1
137117,1,1,1
137118,2,1,0
137119,2,1,0
137120,1,0,0
137121,3,0,0
137122,2,1,0
137124,2,1,1
137125,2,0,0
137127,1,0,1
137129,2,0,1
137130,2,0,0
137131,4,1,1
137135,1,1,0
137138,2,0,0
137139,2,1,0
137140,2,0,0
137141,2,1,0
137142,2,1,0
137144,2,1,0
137146,4,0,1
137147,4,0,0
137148,3,1,1
137149,4,1,1
137150,3,0,0
137153,3,1,1
137154,1,1,0
137155,2,0,0
137156,2,0,0
137159,1,0,0
137160,4,1,1
137162,2,0,0
137163,1,1,0
137164,2,1,0
138101,4,0,0
138102,1,1,0
138103,1,0,0
138104,1,1,0
138107,2,0,0
138108,2,1,1
138111,4,0,1
138113,1,1,0
138114,4,1,1
138115,1,0,0
138116,1,0,0
138118,1,1,0
138119,2,1,0
138120,2,1,1
138121,2,0,1
138122,2,1,1
138124,2,0,1
138125,3,1,1
138126,1,0,0
138127,1,0,0
138129,1,0,0
138132,1,0,0
138133,1,1,0
138134,2,1,0
138135,1,0,0
138136,1,0,0
138137,1,1,0
138138,1,1,0
138139,4,0,0
138140,1,1,0
138141,1,0,0
138142,3,0,1
139103,2,1,0
139106,2,1,0
139109,1,0,1
139110,4,1,0
139112,4,1,0
139113,2,1,0
139114,3,0,0
139115,3,1,0
139117,3,0,1
139118,2,0,0
139119,2,0,1
139120,4,0,1
139122,4,0,1
139124,2,0,0
139128,4,1,0
139130,3,0,1
139131,3,1,1
139132,4,1,1
139134,4,1,0
139138,1,0,0
139140,3,0,1
139143,2,1,0
139144,1,0,0
139145,3,0,0
139146,3,1,1
139147,3,0,1
139148,3,1,0
139150,3,1,1
139151,2,0,0
139152,2,0,0
139153,1,0,0
139154,2,1,0
139155,4,1,1
139156,2,0,1
139158,3,1,1
139161,3,0,0
139162,3,0,1
139164,2,1,0
139165,3,0,0
140104,4,1,1
140105,2,0,1
140106,1,1,1
140107,2,0,0
140109,3,1,0
140110,2,1,0
140111,1,1,1
140114,4,0,1
140116,1,0,0
140117,3,1,1
140122,2,1,0
140124,3,1,1
140125,3,1,1
140127,2,1,0
140128,3,0,1
140133,3,0,1
140134,1,0,1
140135,1,0,1
140138,2,1,0
140139,3,0,1
140142,2,1,0
140143,4,1,1
140144,2,1,1
140145,4,0,1
140146,4,0,1
140151,1,0,1
140153,1,0,1
140157,3,0,1
140158,4,0,0
140159,3,0,1
140161,3,0,1
140164,3,1,1
140165,2,0,0
140167,1,1,1
141102,3,0,1
141103,2,0,0
141106,3,0,1
141112,3,0,1
141113,3,0,1
141117,3,1,0
141120,2,0,1
141122,4,1,1
141124,3,1,1
141141,3,1,1
141142,4,0,1
141143,4,1,1
141149,3,1,1
141152,3,1,1
141164,3,1,1
141165,4,0,1
141168,3,1,0
141173,1,0,1
141175,2,1,0
141177,2,1,0
141188,4,0,1
142101,4,1,1
142103,2,1,1
142104,4,0,1
142106,4,1,1
142107,2,0,1
142108,4,0,1
142109,2,1,0
142110,4,0,1
142112,4,0,1
142114,3,1,0
142116,4,1,0
142117,3,0,1
142118,1,0,1
142120,2,1,0
142122,4,0,0
142124,2,0,0
142125,2,1,0
142128,4,1,0
142130,2,0,1
142131,2,0,0
142132,4,1,1
142134,4,0,1
142135,4,0,1
142136,4,1,0
142138,4,0,1
142139,4,0,0
142140,3,1,1
142141,1,0,0
142145,3,0,1
142146,3,0,1
142148,3,1,1
142150,2,1,0
142151,1,1,1
142152,3,0,1
142153,3,0,1
142154,2,1,0
142156,3,1,0
142157,1,0,1
142159,3,0,0
142160,4,1,1
142161,3,0,1
142162,3,0,0
142169,3,0,0
142170,1,0,1
143104,2,1,0
143111,2,1,1
143112,2,1,1
143113,2,1,0
143114,1,1,0
143115,1,1,0
143117,2,1,1
143119,2,0,0
143122,3,1,1
143126,3,0,1
143131,4,1,0
143135,3,1,1
143137,2,1,0
143138,2,0,0
143140,2,1,0
143144,1,0,0
143151,2,0,0
143155,2,1,0
143157,2,1,0
143158,2,0,1
143159,2,1,0
143160,3,0,1
143164,3,1,0
144104,2,1,0
144105,2,0,0
144106,3,1,1
144107,2,0,0
144108,3,1,0
144109,3,0,1
144110,3,0,1
144112,2,0,0
144115,2,1,0
144116,2,1,0
144117,2,0,0
144119,3,0,1
144121,2,1,0
144122,4,1,1
144123,3,1,1
144125,2,0,0
144126,4,1,1
144127,4,1,1
144128,4,0,0
144133,1,1,0
144135,2,0,1
144136,3,1,0
144137,2,1,0
144143,2,1,1
144144,2,1,0
144146,1,1,0
144147,3,0,1
144148,3,0,1
144149,2,1,0
144151,2,1,0
144152,2,0,0
144153,2,1,0
144154,2,0,0
144155,1,1,0
145101,2,0,0
145102,2,0,0
145104,2,0,0
145108,2,0,0
145113,2,0,0
145116,1,0,0
145117,1,0,0
145118,4,0,1
145121,4,0,1
145122,1,0,0
145123,2,0,0
145124,2,0,0
145126,1,0,0
145131,4,0,0
145132,1,0,0
145133,3,0,1
145135,3,0,0
145139,1,1,0
145142,4,1,1
145146,1,1,0
145151,2,1,0
145154,3,1,1
145161,2,0,0
146101,3,1,1
146102,3,1,1
146103,3,1,0
146104,4,1,0
146106,2,0,1
146107,2,1,1
146108,3,1,1
146110,3,0,1
146111,3,0,1
146115,2,0,1
146116,3,0,1
146124,3,0,1
146128,3,0,1
146131,4,0,0
146132,1,1,1
146135,4,0,1
146136,2,1,1
146137,4,0,0
146139,3,0,1
146140,2,1,1
146142,2,0,1
146143,2,0,0
146144,2,1,0
146147,3,1,1
146148,2,0,0
146149,4,1,1
146151,4,1,1
146152,4,0,0
146155,3,1,1
146156,1,1,1
146158,4,1,0
146159,3,1,1
146162,2,1,0
146165,3,1,1
147102,3,0,1
147103,4,1,0
147104,4,1,1
147105,4,1,0
147106,2,0,0
147108,4,0,0
147111,1,0,1
147113,1,1,1
147116,1,1,1
147117,3,0,1
147119,1,0,0
147120,3,0,0
147125,4,1,0
147128,3,0,0
147131,2,0,0
147132,2,0,0
147136,2,1,1
147137,3,0,1
147138,3,0,0
147140,2,1,0
147143,4,0,1
147144,4,0,1
147147,2,0,0
147148,2,0,0
147149,2,1,0
147152,2,1,1
147154,3,1,1
147158,1,0,0
147160,2,0,0
147161,1,1,0
147163,1,1,1
147166,4,1,1
147168,1,1,0
301101,4,0,1
301102,4,0,0
301103,3,1,0
301104,1,0,0
301106,4,1,0
301107,2,1,0
301108,2,0,0
301109,3,0,1
301110,4,0,0
301112,1,1,0
301114,2,0,1
301121,3,1,1
301122,4,1,1
301123,1,1,0
301124,3,1,1
301125,2,0,1
301126,3,0,1
301127,3,1,0
301128,1,1,0
301130,4,0,1
301131,3,1,1
301132,4,1,1
301134,4,1,1
301135,3,1,1
301136,4,1,0
301137,3,0,0
301141,2,0,0
301142,3,1,0
301144,1,1,1
301145,2,0,1
301147,4,0,0
301148,4,1,0
301149,1,0,0
301150,1,1,0
301153,3,0,0
301154,1,1,0
301155,4,0,1
301158,4,0,1
301161,3,1,0
301162,3,1,0
301163,3,1,0
301166,2,0,0
301167,3,0,0
301168,3,1,0
301169,1,1,1
301170,1,1,0
301171,4,0,0
301172,3,0,0
301173,2,1,1
302102,3,1,1
302104,1,1,0
302106,4,1,0
302107,3,1,1
302108,3,0,1
302109,4,1,1
302110,1,0,0
302112,1,0,0
302114,2,0,0
302115,2,0,0
302117,1,0,0
302118,2,0,1
302119,3,1,0
302120,1,1,0
302121,1,0,1
302123,1,0,0
302124,2,1,0
302125,1,1,0
302127,4,1,1
302128,4,0,1
302129,2,0,0
302130,2,0,0
302131,2,1,0
302132,2,1,0
302133,3,0,1
302135,3,0,0
302136,3,1,0
302138,3,0,0
302139,1,1,0
302140,1,1,0
302142,3,1,1
302143,1,1,1
302144,1,0,0
302145,2,0,0
302146,2,1,0
302149,4,1,1
302151,1,0,0
302152,1,1,0
302153,1,0,0
302154,1,0,1
302155,2,1,0
302156,2,0,0
302158,2,0,0
302159,3,1,1
302161,2,0,0
302164,4,1,1
302165,4,0,1
302166,3,0,1
302167,2,1,0
302168,1,0,0
302169,2,1,0
302191,1,0,0
302192,1,0,0
302193,1,0,0
302194,2,1,0
302195,2,1,0
302196,3,1,1
302197,3,1,1
302198,1,1,0
302199,1,0,0
302201,2,1,0
302203,1,0,0
302204,4,1,1
302205,4,0,0
302206,4,1,1
302207,1,0,0
302210,4,1,1
302212,1,0,0
302213,3,0,1
302214,3,1,0
303102,4,0,1
303103,3,1,0
303104,3,0,1
303105,1,1,0
303106,1,1,0
303110,2,0,0
303112,2,0,0
303114,2,0,0
303115,4,1,0
303116,3,1,0
303117,4,1,1
303118,2,1,0
303119,2,1,0
303120,2,0,0
303122,1,0,0
303124,2,0,0
303125,2,0,1
303126,4,1,1
303127,2,0,0
303128,2,1,0
303131,1,1,0
303132,1,1,0
303133,4,0,0
303134,1,0,1
303136,3,1,1
303137,1,0,0
303138,2,1,0
303139,3,1,1
303140,2,0,0
303141,1,0,1
303142,2,0,1
303143,2,1,0
303144,1,0,0
303145,4,0,0
303146,3,1,1
304103,2,1,0
304104,1,0,0
304105,4,1,0
304106,2,0,0
304107,2,1,0
304108,2,1,0
304109,4,1,0
304110,1,0,0
304112,2,0,0
304114,2,0,0
304115,3,1,1
305101,4,0,0
305102,4,1,0
305103,1,1,0
305104,2,1,0
305108,2,1,0
305109,2,1,0
305110,4,0,0
305111,4,1,0
305113,2,1,0
305114,1,1,0
305115,2,1,0
305116,2,1,0
307102,2,1,0
307103,3,1,1
307106,2,1,0
307107,4,1,1
307108,2,0,0
307110,1,1,0
307112,2,0,0
307116,2,1,0
307117,3,0,1
307118,1,0,0
307121,1,1,0
307124,1,1,0
307125,2,1,0
307128,2,1,0
307129,2,1,0
307130,1,0,0
307131,2,1,0
307134,2,1,0
307135,1,0,0
307137,1,1,0
307138,2,1,0
307143,2,0,0
307146,3,1,0
307147,3,1,0
307148,2,0,0
308113,1,1,0
309101,3,1,1
309102,4,0,1
309103,3,0,1
309104,4,0,1
309105,4,0,1
309106,4,1,0
309107,2,0,0
309108,2,1,1
309109,4,0,0
309110,2,0,1
309111,2,1,1
309113,3,0,1
309114,3,0,1
309115,1,1,0
309116,3,1,1
309117,4,1,0
309118,4,1,0
309119,1,0,0
309120,4,0,1
309121,4,0,0
309122,4,0,1
309123,4,0,0
309124,2,1,1
309125,1,0,1
309126,3,0,1
309127,3,1,1
309131,1,1,0
309132,1,0,1
309133,4,1,1
309134,1,0,1
309135,1,0,0
309136,4,1,0
309137,3,1,1
309138,1,0,1
309139,3,1,1
309140,2,1,0
309141,4,1,0
309142,4,0,0
309143,1,1,1
309144,4,1,1
309145,3,1,1
309147,3,0,1
309148,3,0,1
309149,1,0,0
309150,4,0,1
309151,2,1,1
309152,2,1,0
309153,1,0,0
309154,2,1,0
309155,3,0,1
309156,4,0,1
309157,3,0,1
309158,3,1,0
309159,2,0,0
309160,4,0,1
309161,1,0,0
309163,4,0,1
309165,4,0,0
309166,3,0,1
309167,1,1,0
309168,1,1,0
309169,2,1,0
309170,3,0,1
309191,4,0,1
309192,3,0,1
309193,1,1,1
309194,2,1,1
309195,3,1,0
309197,3,0,1
309198,1,1,0
309199,1,0,1
309202,1,0,0
309204,3,1,0
309205,4,1,1
309206,3,0,1
309207,4,0,1
309209,4,1,1
309210,2,0,1
309211,2,1,0
309212,3,1,0
309217,3,0,0
309219,4,1,0
309220,4,1,1
309221,3,1,1
309223,3,0,1
309224,3,1,0
