"id","t","censor"
1,1,0
2,2,0
3,1,0
4,1,0
5,12,1
6,1,0
7,12,1
8,1,0
9,2,0
10,2,0
12,7,0
13,12,1
14,1,0
15,12,1
16,12,1
17,2,0
18,12,1
19,1,0
20,3,0
21,2,0
22,12,1
23,12,1
24,9,0
25,12,1
26,2,0
27,3,0
28,1,0
29,2,0
30,2,0
31,4,0
32,3,0
33,12,1
34,1,0
35,5,0
36,12,1
37,6,0
38,1,0
39,3,0
40,12,1
41,6,0
42,12,1
43,8,0
44,12,1
45,12,1
46,12,1
47,2,0
48,2,0
49,12,1
50,12,1
51,2,0
52,2,0
53,2,0
54,12,1
55,3,0
56,1,0
57,3,0
58,3,0
59,12,1
60,1,0
61,1,0
62,9,0
63,2,0
64,10,0
65,12,1
66,5,0
67,12,1
68,12,1
69,1,0
70,3,0
71,2,0
72,1,0
73,12,1
74,2,0
75,12,1
76,5,0
77,3,0
78,1,0
79,3,0
80,9,0
81,2,0
82,12,1
83,1,0
84,12,1
85,5,0
86,2,0
87,12,1
88,1,0
89,1,0
90,12,1
91,4,0
92,1,0
93,2,0
94,6,0
95,9,0
96,12,1
97,12,1
98,12,1
99,1,0
100,7,0
101,12,1
102,7,0
103,12,1
104,1,0
105,4,0
106,2,0
107,5,0
108,2,0
109,3,0
110,9,0
111,6,0
112,1,0
113,12,1
114,12,1
115,12,1
116,5,0
117,1,0
118,3,0
119,9,0
120,2,0
121,4,0
122,6,0
123,7,0
124,3,0
125,12,1
126,12,0
127,5,0
128,3,0
129,12,1
130,12,1
131,1,0
132,12,1
133,6,0
134,12,1
135,4,0
136,1,0
137,12,1
138,12,1
139,12,1
140,6,0
141,12,1
142,1,0
143,12,1
144,4,0
145,5,0
146,12,1
147,2,0
148,12,1
149,12,1
150,12,0
151,3,0
152,6,0
153,12,1
154,4,0
155,2,0
156,4,0
157,1,0
158,12,1
159,2,0
160,12,1
161,12,1
162,12,1
163,12,1
164,12,1
165,12,1
166,12,1
167,1,0
168,1,0
169,12,1
170,12,1
171,8,0
172,11,0
173,12,1
174,8,0
175,9,0
176,12,1
177,7,0
178,12,1
179,1,0
180,3,0
181,1,0
182,12,1
183,1,0
184,12,1
185,4,0
186,12,1
187,4,0
188,1,0
189,12,1
190,3,0
191,1,0
192,3,0
193,2,0
194,6,0
195,12,1
196,12,1
197,1,0
198,1,0
199,1,0
200,3,0
201,10,0
202,3,0
203,12,1
204,12,1
205,5,0
206,3,0
207,12,1
208,3,0
209,4,0
210,12,1
211,4,0
212,12,1
214,11,0
215,1,0
216,12,1
217,12,1
218,12,1
219,12,1
220,8,0
221,2,0
222,12,1
223,8,0
224,12,1
225,12,1
226,4,0
227,1,0
228,5,0
229,5,0
230,12,1
231,12,1
232,8,0
233,3,0
234,12,1
235,12,1
236,12,1
237,10,0
238,1,0
239,12,1
240,12,1
241,5,0
242,5,0
243,12,1
244,11,0
245,12,1
246,12,1
247,12,1
248,12,1
249,9,0
250,2,0
251,12,1
252,12,0
253,1,0
254,3,0
255,2,0
256,2,0
257,12,1
258,12,1
259,12,1
260,10,0
261,12,1
262,7,0
263,12,1
264,12,1
265,12,1
266,6,0
267,12,1
268,5,0
269,7,0
270,7,0
271,11,0
272,4,0
273,1,0
274,2,0
275,12,1
276,12,1
277,2,0
278,3,0
279,1,0
280,2,0
281,12,1
282,12,1
283,12,1
284,10,0
286,1,0
287,7,0
288,4,0
289,12,1
290,7,0
291,6,0
292,9,0
293,10,0
294,4,0
295,12,1
296,12,1
297,2,0
298,5,0
299,5,0
300,12,1
302,4,0
303,1,0
304,6,0
305,8,0
306,8,0
307,12,1
308,12,1
309,7,0
310,1,0
311,12,1
312,12,1
313,1,0
314,2,0
315,6,0
317,12,1
318,1,0
319,12,1
320,12,1
321,1,0
322,3,0
323,1,0
324,12,1
325,4,0
326,12,1
327,8,0
328,2,0
329,12,1
330,12,1
331,2,0
332,12,1
333,12,1
334,4,0
335,12,1
336,12,1
337,1,0
338,4,0
339,1,0
340,2,0
341,10,0
342,12,1
343,12,1
344,4,0
345,9,0
346,2,0
347,12,1
348,3,0
349,12,1
350,8,0
351,7,0
352,4,0
353,12,1
354,2,0
355,2,0
356,12,1
357,12,1
358,12,1
359,12,1
360,1,0
361,12,1
362,5,0
363,3,0
364,3,0
365,1,0
366,2,0
367,1,0
368,1,0
369,1,0
370,1,0
371,10,0
372,12,1
373,12,1
374,3,0
375,4,0
376,12,1
377,9,0
378,8,0
379,12,1
380,7,0
381,12,1
382,7,0
383,1,0
384,3,0
385,3,0
386,11,0
387,2,0
388,4,0
389,2,0
390,9,0
391,10,0
392,5,0
393,12,1
394,12,1
395,12,1
396,3,0
397,3,0
398,1,0
399,2,0
400,3,0
401,5,0
402,9,0
403,12,0
404,3,0
405,4,0
406,3,0
407,3,0
408,12,1
409,7,0
410,8,0
411,12,0
412,12,1
413,12,1
414,12,1
415,3,0
416,12,1
417,8,0
418,6,0
419,1,0
420,2,0
421,1,0
422,1,0
423,12,1
424,12,1
425,12,1
426,2,0
427,12,1
428,2,0
429,12,1
430,5,0
431,1,0
432,2,0
433,7,0
434,12,1
435,12,1
436,9,0
437,12,1
438,8,0
439,12,1
440,12,1
441,1,0
442,2,0
443,1,0
444,5,0
445,10,0
446,12,1
447,2,0
448,2,0
449,12,1
450,6,0
451,5,0
452,1,0
453,1,0
454,4,0
455,12,1
456,12,1
457,12,1
458,2,0
459,4,0
460,4,0
461,2,0
462,3,0
463,8,0
464,11,0
465,12,1
466,1,0
467,1,0
468,2,0
469,12,1
470,12,1
471,12,1
472,2,0
473,12,1
474,12,1
475,12,1
476,1,0
477,9,0
478,11,0
479,11,0
480,3,0
481,5,0
482,5,0
483,12,1
484,7,0
485,7,0
486,1,0
487,10,0
488,12,1
489,6,0
490,3,0
491,4,0
492,4,0
493,12,1
494,12,1
495,12,1
496,2,0
497,12,1
498,12,1
499,12,1
500,3,0
501,4,0
502,12,1
503,2,0
504,4,0
505,12,1
506,10,0
507,5,0
508,10,0
509,12,1
510,4,0
511,2,0
512,12,1
513,4,0
514,12,1
515,12,1
516,4,0
517,12,1
518,6,0
519,12,1
520,2,0
521,1,0
522,12,1
523,12,1
524,4,0
525,12,1
526,12,1
527,3,0
528,1,0
529,12,1
530,1,0
531,4,0
532,1,0
533,9,0
534,12,1
535,2,0
536,9,0
537,9,0
538,12,1
539,12,1
540,8,0
541,2,0
542,12,1
543,12,1
544,12,1
545,12,1
546,12,1
547,12,1
548,12,1
549,1,0
550,12,1
551,2,0
552,12,1
553,1,0
554,12,1
555,2,0
556,5,0
557,4,0
558,12,1
559,6,0
560,4,0
561,2,0
562,4,0
563,3,0
564,6,0
565,3,0
566,12,1
567,12,1
568,3,0
569,2,0
570,12,1
571,12,1
572,8,0
573,7,0
574,12,1
575,7,0
576,12,1
577,11,0
578,12,1
579,12,1
580,1,0
581,2,0
582,3,0
583,12,1
584,6,0
585,3,0
586,1,0
587,3,0
588,1,0
589,1,0
590,12,1
591,12,1
592,4,0
593,12,1
594,1,0
595,4,0
596,7,0
597,5,0
598,3,0
599,1,0
600,12,1
601,4,0
602,3,0
603,12,1
604,5,0
605,3,0
606,3,0
607,12,1
608,7,0
609,1,0
610,1,0
611,3,0
612,7,0
613,12,1
614,2,0
615,6,0
616,5,0
617,2,0
618,8,0
619,4,0
620,12,1
621,6,0
622,12,1
623,8,0
624,6,0
625,4,0
626,11,0
627,4,0
628,4,0
629,9,0
630,12,1
631,2,0
632,5,0
633,1,0
634,1,0
635,3,0
636,6,0
638,12,1
639,1,0
640,7,0
641,12,1
642,12,1
643,3,0
644,9,0
645,1,0
646,4,0
647,12,1
648,12,1
649,3,0
650,1,0
651,2,0
652,4,0
653,4,0
654,12,1
655,12,1
656,12,1
657,8,0
658,4,0
659,12,1
660,12,1
661,12,1
662,8,0
663,2,0
664,3,0
665,5,0
666,12,1
667,12,1
668,8,0
669,12,1
670,12,1
671,1,0
672,1,0
673,7,0
674,12,1
675,12,1
676,3,0
677,5,0
678,3,0
679,12,1
680,1,0
681,6,0
682,5,0
683,12,1
684,2,0
685,1,0
686,4,0
687,9,0
688,2,0
689,6,0
690,6,0
691,12,1
692,12,1
693,9,0
694,7,0
695,1,0
696,3,0
697,12,1
698,12,1
699,6,0
700,10,0
701,12,1
702,12,1
703,6,0
704,10,0
705,12,1
706,10,0
707,3,0
708,1,0
709,12,1
710,8,0
711,4,0
712,2,0
713,11,0
714,12,1
715,5,0
716,12,1
717,8,0
718,5,0
719,5,0
720,4,0
721,12,1
722,3,0
723,12,1
724,4,0
725,12,1
726,11,0
727,12,1
728,12,1
729,12,1
730,1,0
731,6,0
732,7,0
733,1,0
734,5,0
735,8,0
736,12,1
737,1,0
738,12,1
739,12,1
740,12,1
741,12,1
742,1,0
743,12,1
744,4,0
745,1,0
746,2,0
747,2,0
748,12,1
749,12,1
750,12,1
751,1,0
752,3,0
753,12,1
754,12,1
755,12,1
756,12,1
757,12,1
758,12,1
759,4,0
760,12,1
761,2,0
762,12,1
763,3,0
764,6,0
765,4,0
766,2,0
767,12,1
768,12,1
769,3,0
770,12,1
771,1,0
772,1,0
773,12,1
774,6,0
775,6,0
776,12,1
777,12,1
778,4,0
779,12,1
780,3,0
781,3,0
782,6,0
783,2,0
784,2,0
785,11,0
786,12,1
787,8,0
788,6,0
789,4,0
790,3,0
791,12,1
792,7,0
793,12,1
794,12,1
795,12,1
796,12,1
797,12,1
798,3,0
799,12,1
800,10,0
801,1,0
802,12,1
803,12,1
804,12,1
805,12,1
806,12,1
807,4,0
808,1,0
809,11,0
810,12,1
811,1,0
812,6,0
813,12,1
814,12,1
815,5,0
816,12,1
817,4,0
818,2,0
819,2,0
820,3,0
821,1,0
822,4,0
823,12,1
824,12,1
825,7,0
826,2,0
827,12,1
828,4,0
829,4,0
830,12,1
831,6,0
832,6,0
833,12,1
834,5,0
835,2,0
836,7,0
837,1,0
838,10,0
839,12,1
840,9,0
841,12,1
842,6,0
843,12,1
844,12,1
845,3,0
846,12,1
847,12,1
848,12,1
849,12,1
850,12,1
851,5,0
852,12,1
853,5,0
854,1,0
855,8,0
856,1,0
857,12,1
858,12,1
859,3,0
860,4,0
861,9,0
862,12,1
863,2,0
864,8,0
865,1,0
866,1,0
867,2,0
868,12,1
869,4,0
870,5,0
871,2,0
872,12,1
873,2,0
874,12,1
875,6,0
876,12,1
877,1,0
878,3,0
879,4,0
880,10,0
881,1,0
882,2,0
883,12,1
884,12,1
885,3,0
886,12,1
887,3,0
888,8,0
889,6,0
890,9,0
891,12,1
893,10,0
894,5,0
895,9,0
896,3,0
897,2,0
898,12,1
899,5,0
900,4,0
901,12,1
902,12,1
903,6,0
904,6,0
905,2,0
906,12,1
907,6,0
908,4,0
909,7,0
910,12,1
911,12,1
912,1,0
913,12,1
914,12,1
915,5,0
916,12,1
917,1,0
918,12,1
919,1,0
920,11,0
921,12,1
922,12,1
923,8,0
924,1,0
925,5,0
926,3,0
927,1,0
928,12,1
929,8,0
930,6,0
931,12,1
932,12,1
933,4,0
934,12,1
935,12,1
936,2,0
937,1,0
938,12,1
939,2,0
940,1,0
941,5,0
942,12,1
943,4,0
944,1,0
945,1,0
946,1,0
947,12,1
948,1,0
949,12,1
950,6,0
951,10,0
952,4,0
953,12,1
954,1,0
955,12,1
956,8,0
957,12,1
958,6,0
959,12,1
960,12,1
961,1,0
962,3,0
963,4,0
964,6,0
965,7,0
966,6,0
967,1,0
968,2,0
969,2,0
970,12,1
971,2,0
972,12,1
973,12,1
974,3,0
975,1,0
976,12,1
977,12,1
978,5,0
979,12,1
980,12,1
981,2,0
982,1,0
983,4,0
984,10,0
985,12,1
986,12,1
987,12,1
988,9,0
989,12,1
990,12,1
991,12,1
992,12,1
993,1,0
994,3,0
995,4,0
996,2,0
997,7,0
998,2,0
999,4,0
1000,11,0
1001,12,1
1002,12,1
1003,12,1
1004,12,1
1005,2,0
1006,4,0
1007,3,0
1008,1,0
1009,12,1
1010,7,0
1011,12,1
1012,12,1
1013,12,1
1014,12,1
1015,6,0
1016,12,1
1017,1,0
1018,12,1
1019,2,0
1020,3,0
1021,6,0
1022,1,0
1023,12,1
1024,12,1
1025,12,1
1026,4,0
1027,12,1
1028,12,1
1029,12,1
1030,4,0
1031,2,0
1032,12,1
1033,4,0
1034,4,0
1035,2,0
1036,5,0
1037,3,0
1038,11,1
1039,6,0
1040,3,0
1041,11,1
1042,5,0
1043,11,1
1044,3,0
1045,11,1
1046,3,0
1047,1,0
1048,3,0
1049,5,0
1050,11,1
1051,11,1
1052,4,0
1053,10,0
1054,11,1
1055,8,0
1056,4,0
1057,11,1
1058,2,0
1059,4,0
1060,11,1
1061,11,1
1062,1,0
1063,11,1
1064,11,1
1065,10,0
1066,3,0
1067,5,0
1068,1,0
1069,4,0
1070,11,1
1071,4,0
1072,6,0
1073,1,0
1074,1,0
1075,3,0
1076,1,0
1077,6,0
1078,7,0
1079,4,0
1080,11,1
1081,11,1
1082,2,0
1083,1,0
1084,1,0
1085,11,1
1086,7,0
1087,11,1
1088,4,0
1089,11,1
1090,1,0
1091,11,1
1092,11,1
1093,11,1
1094,2,0
1095,11,1
1096,11,1
1097,11,1
1098,11,1
1099,11,1
1100,3,0
1101,11,1
1102,2,0
1103,1,0
1104,10,0
1105,3,0
1106,4,0
1107,11,1
1108,9,0
1109,3,0
1110,11,1
1111,4,0
1112,5,0
1113,9,0
1114,11,1
1115,9,0
1116,11,1
1117,11,1
1118,11,1
1119,3,0
1120,4,0
1121,11,1
1122,2,0
1123,10,0
1124,2,0
1125,11,1
1126,6,0
1127,8,0
1128,11,1
1129,11,1
1130,6,0
1131,11,1
1132,11,1
1133,11,1
1134,11,1
1135,4,0
1136,4,0
1137,4,0
1138,11,1
1139,7,0
1140,1,0
1141,11,1
1142,7,0
1143,11,1
1144,5,0
1145,7,0
1146,5,0
1147,3,0
1148,2,0
1149,11,1
1150,11,1
1151,1,0
1152,8,0
1153,4,0
1154,11,1
1155,11,1
1156,6,0
1158,11,1
1159,2,0
1160,1,0
1161,6,0
1162,11,1
1163,6,0
1164,3,0
1165,11,1
1166,11,1
1167,11,1
1168,11,1
1169,11,1
1170,11,1
1171,1,0
1173,8,0
1174,5,0
1175,11,1
1176,5,0
1177,7,0
1178,11,1
1179,3,0
1180,11,1
1181,3,0
1182,11,1
1183,11,1
1184,4,0
1185,11,1
1186,2,0
1187,3,0
1188,4,0
1189,1,0
1190,1,0
1191,3,0
1192,11,1
1193,3,0
1194,11,1
1195,11,1
1196,3,0
1197,11,1
1198,11,1
1199,11,1
1200,11,1
1201,2,0
1202,11,1
1203,9,0
1204,1,0
1205,11,1
1206,7,0
1207,2,0
1208,10,0
1209,9,0
1210,11,1
1211,1,0
1212,11,1
1213,1,0
1214,2,0
1215,11,1
1216,11,1
1217,3,0
1218,1,0
1219,2,0
1220,5,0
1221,4,0
1222,3,0
1223,11,1
1224,5,0
1225,2,0
1226,9,0
1227,1,0
1228,2,0
1229,8,0
1230,11,1
1231,11,1
1232,6,0
1233,11,1
1234,3,0
1235,11,1
1236,11,1
1237,11,1
1238,2,0
1239,11,1
1240,4,0
1241,9,0
1242,3,0
1243,6,0
1244,11,1
1245,11,1
1246,5,0
1247,3,0
1248,1,0
1249,11,1
1250,11,1
1251,7,0
1252,11,1
1253,2,0
1254,7,0
1255,6,0
1256,11,1
1257,11,1
1258,11,1
1259,3,0
1260,2,0
1261,11,1
1262,6,0
1263,1,0
1264,6,0
1265,1,0
1266,7,0
1267,11,1
1268,11,1
1269,5,0
1270,11,1
1271,11,1
1272,10,0
1273,4,0
1274,11,1
1275,11,1
1276,4,0
1277,2,0
1278,2,0
1279,8,0
1280,11,1
1281,5,0
1282,4,0
1283,5,0
1284,11,1
1285,5,0
1286,4,0
1287,11,1
1288,3,0
1289,10,0
1290,1,0
1291,1,0
1292,11,1
1293,11,1
1294,11,1
1295,7,0
1296,9,0
1297,11,1
1298,10,0
1299,7,0
1300,9,0
1301,11,1
1302,1,0
1303,9,0
1304,11,1
1305,6,0
1306,11,1
1307,7,0
1308,7,0
1309,11,1
1310,11,1
1311,2,0
1312,9,0
1313,1,0
1314,3,0
1315,11,1
1316,1,0
1317,11,1
1318,11,1
1319,6,0
1320,11,1
1321,11,1
1322,1,0
1323,3,0
1324,11,1
1325,11,1
1326,2,0
1327,1,0
1328,11,1
1329,5,0
1330,11,1
1331,1,0
1332,11,1
1333,2,0
1334,6,0
1335,4,0
1336,6,0
1337,7,0
1338,11,1
1339,3,0
1340,3,0
1341,1,0
1342,1,0
1343,11,1
1344,11,1
1345,11,1
1346,11,1
1347,5,0
1348,5,0
1349,1,0
1350,5,0
1351,11,1
1352,11,1
1353,1,0
1354,11,1
1355,11,1
1356,3,0
1357,11,1
1358,3,0
1359,11,1
1360,5,0
1361,11,1
1362,11,1
1363,1,0
1364,1,0
1365,11,1
1366,11,1
1367,11,1
1368,10,0
1369,10,0
1370,3,0
1371,1,0
1372,3,0
1373,11,1
1374,11,1
1375,3,0
1376,7,0
1377,10,0
1378,11,1
1379,3,0
1380,9,0
1381,4,0
1382,8,0
1383,2,0
1384,11,1
1385,11,1
1386,3,0
1387,2,0
1388,11,1
1389,11,1
1390,1,0
1391,11,1
1392,9,0
1393,5,0
1394,6,0
1395,1,0
1396,2,0
1397,2,0
1398,1,0
1399,11,1
1400,11,1
1401,11,1
1402,11,1
1403,5,0
1404,11,1
1405,2,0
1406,6,0
1407,11,1
1408,5,0
1409,4,0
1410,2,0
1411,4,0
1412,11,1
1413,3,0
1414,11,1
1415,7,0
1416,11,1
1417,11,1
1419,6,0
1420,11,1
1421,1,0
1422,7,0
1423,10,0
1424,11,1
1425,11,1
1426,3,0
1427,4,0
1428,9,0
1429,8,0
1430,11,1
1431,11,1
1432,2,0
1433,4,0
1434,4,0
1435,3,0
1436,3,0
1437,5,0
1438,7,0
1439,2,0
1440,11,1
1441,11,1
1442,5,0
1443,11,1
1444,3,0
1445,5,0
1446,11,1
1447,7,0
1448,5,0
1449,3,0
1450,11,1
1451,4,0
1452,2,0
1453,2,0
1454,2,0
1455,10,0
1456,11,1
1457,11,1
1458,11,1
1459,7,0
1460,2,0
1461,11,1
1462,3,0
1463,2,0
1464,4,0
1465,11,1
1466,11,1
1467,8,0
1468,5,0
1469,3,0
1470,7,0
1471,7,0
1472,11,1
1473,1,0
1474,8,0
1475,11,1
1476,8,0
1477,1,0
1478,1,0
1479,1,0
1480,1,0
1481,2,0
1482,1,0
1483,6,0
1484,4,0
1485,5,0
1486,1,0
1487,11,1
1488,4,0
1489,11,1
1490,11,1
1491,11,1
1492,7,0
1493,1,0
1494,11,1
1495,5,0
1496,11,1
1497,11,1
1498,3,0
1499,3,0
1500,7,0
1501,11,1
1502,3,0
1504,11,1
1505,11,1
1506,3,0
1507,1,0
1508,3,0
1509,11,1
1510,11,1
1511,6,0
1512,5,0
1513,11,1
1514,4,0
1515,9,0
1516,11,1
1517,11,1
1518,4,0
1519,11,1
1520,11,1
1521,1,0
1522,11,1
1523,11,1
1524,2,0
1525,6,0
1526,11,1
1527,1,0
1528,1,0
1529,11,1
1530,11,1
1531,2,0
1532,4,0
1533,2,0
1534,11,1
1535,1,0
1536,1,0
1537,5,0
1538,4,0
1539,2,0
1540,2,0
1541,1,0
1542,1,0
1543,11,1
1544,5,0
1545,3,0
1546,7,0
1547,11,1
1548,1,0
1550,1,0
1551,1,0
1552,1,0
1553,3,0
1554,3,0
1555,4,0
1556,11,1
1557,11,1
1558,11,1
1559,11,1
1560,11,1
1561,11,1
1562,8,0
1563,11,1
1564,11,1
1565,1,0
1566,1,0
1567,3,0
1568,1,0
1569,11,1
1570,11,1
1571,5,0
1572,6,0
1573,11,1
1574,6,0
1575,8,0
1576,11,1
1577,5,0
1578,2,0
1579,3,0
1580,1,0
1581,3,0
1582,3,0
1583,11,1
1584,9,0
1585,5,0
1586,2,0
1587,11,1
1588,5,0
1589,11,1
1590,5,0
1591,11,1
1592,7,0
1593,9,0
1594,11,1
1595,11,1
1596,3,0
1597,5,0
1598,11,1
1599,8,0
1600,11,1
1601,11,1
1602,4,0
1603,5,0
1604,11,1
1605,8,0
1606,2,0
1607,7,0
1608,11,1
1609,11,1
1610,11,1
1611,11,1
1612,7,0
1613,1,0
1614,8,0
1615,6,0
1616,11,1
1617,5,0
1618,11,1
1619,11,1
1620,11,1
1621,3,0
1622,6,0
1623,11,1
1624,4,0
1625,2,0
1626,11,1
1627,6,0
1628,11,1
1629,4,0
1630,2,0
1631,11,1
1632,1,0
1633,11,1
1634,11,1
1635,6,0
1636,2,0
1637,11,1
1638,3,0
1639,11,1
1640,11,1
1641,1,0
1642,11,1
1643,4,0
1644,3,0
1645,11,1
1646,4,0
1647,2,0
1648,2,0
1649,11,1
1650,6,0
1651,3,0
1652,11,1
1653,2,0
1654,11,1
1655,9,0
1656,10,1
1657,3,0
1659,10,1
1660,3,0
1661,1,0
1662,10,1
1663,6,0
1664,10,1
1665,6,0
1666,3,0
1667,6,0
1668,10,1
1669,1,0
1670,4,0
1671,1,0
1672,1,0
1673,3,0
1674,1,0
1675,10,1
1676,5,0
1677,10,1
1678,6,0
1679,10,1
1680,3,0
1681,1,0
1682,2,0
1683,4,0
1684,10,1
1685,5,0
1686,4,0
1687,10,1
1688,7,0
1689,10,1
1690,1,0
1691,1,0
1692,10,1
1693,7,0
1694,10,1
1695,2,0
1696,3,0
1697,5,0
1698,1,0
1699,3,0
1700,2,0
1701,10,1
1702,10,1
1703,5,0
1704,2,0
1705,4,0
1706,1,0
1707,1,0
1708,1,0
1709,10,1
1710,10,1
1711,10,1
1712,1,0
1713,3,0
1714,1,0
1715,3,0
1716,2,0
1717,3,0
1718,10,1
1719,3,0
1720,10,1
1721,1,0
1722,10,1
1723,2,0
1724,7,0
1725,10,1
1726,10,1
1727,4,0
1728,4,0
1729,2,0
1730,3,0
1731,10,1
1732,10,1
1733,1,0
1734,1,0
1735,1,0
1736,10,1
1737,10,1
1738,10,1
1739,10,1
1740,10,1
1741,10,1
1742,1,0
1743,10,1
1744,10,1
1745,10,1
1746,10,1
1747,10,1
1748,3,0
1749,2,0
1750,2,0
1751,10,1
1752,10,1
1753,10,1
1754,10,1
1755,10,1
1756,10,1
1757,10,1
1758,7,0
1759,3,0
1760,1,0
1761,2,0
1762,10,1
1763,2,0
1764,10,1
1765,10,1
1766,10,1
1767,10,1
1768,9,0
1769,10,1
1770,9,0
1771,3,0
1772,1,0
1773,4,0
1774,1,0
1775,10,1
1776,1,0
1777,3,0
1778,2,0
1779,10,1
1780,10,1
1781,4,0
1782,3,0
1783,3,0
1784,10,1
1785,8,0
1786,10,1
1787,6,0
1788,10,1
1789,10,1
1790,4,0
1791,10,1
1792,2,0
1793,10,1
1794,10,1
1796,2,0
1797,10,1
1798,10,1
1799,6,0
1800,2,0
1801,10,1
1802,2,0
1803,10,1
1804,10,1
1805,3,0
1806,10,1
1807,4,0
1808,2,0
1809,10,1
1810,10,1
1811,9,0
1812,10,1
1813,10,1
1814,5,0
1815,10,1
1816,10,1
1817,10,1
1818,6,0
1819,1,0
1820,5,0
1821,10,1
1822,10,1
1823,10,1
1824,7,0
1825,5,0
1826,1,0
1827,3,0
1828,2,0
1829,7,0
1830,5,0
1831,10,1
1832,6,0
1833,4,0
1834,6,0
1835,7,0
1836,10,1
1837,7,0
1838,4,0
1839,1,0
1840,10,1
1841,10,1
1842,4,0
1843,1,0
1844,10,1
1845,10,1
1846,7,0
1847,1,0
1848,10,1
1849,10,1
1850,10,1
1851,6,0
1852,1,0
1853,5,0
1854,4,0
1855,1,0
1856,10,1
1857,10,1
1858,10,1
1859,4,0
1860,10,1
1861,5,0
1862,9,0
1863,10,1
1864,10,1
1865,10,1
1866,1,0
1867,10,1
1868,4,0
1869,10,1
1870,3,0
1871,10,1
1872,4,0
1873,3,0
1874,2,0
1875,10,1
1876,10,1
1877,5,0
1878,5,0
1879,1,0
1880,10,1
1881,10,1
1882,6,0
1883,10,1
1884,10,1
1885,6,0
1886,10,1
1887,10,1
1888,9,0
1889,5,0
1890,5,0
1891,10,1
1892,3,0
1893,5,0
1894,3,0
1895,2,0
1896,1,0
1897,10,1
1898,8,0
1899,10,1
1900,10,1
1901,10,1
1902,8,0
1903,6,0
1904,2,0
1905,3,0
1906,10,1
1907,2,0
1908,10,1
1909,10,1
1910,1,0
1911,10,1
1912,10,1
1913,10,1
1914,3,0
1915,3,0
1916,1,0
1917,5,0
1918,10,1
1919,10,1
1920,10,1
1921,3,0
1922,5,0
1923,2,0
1924,4,0
1925,2,0
1926,10,1
1927,10,1
1928,10,1
1929,1,0
1930,10,1
1931,10,1
1932,10,1
1933,1,0
1934,10,1
1935,10,1
1936,3,0
1937,10,1
1938,10,1
1939,4,0
1940,10,1
1941,10,1
1942,5,0
1943,10,1
1944,10,1
1945,1,0
1946,10,1
1947,10,1
1948,2,0
1949,10,1
1950,6,0
1951,5,0
1952,2,0
1953,3,0
1954,4,0
1955,10,1
1956,10,1
1957,3,0
1958,5,0
1959,10,1
1960,10,1
1961,7,0
1962,10,1
1963,10,1
1964,7,0
1965,4,0
1966,10,1
1967,2,0
1968,7,0
1969,10,1
1970,4,0
1971,3,0
1972,10,1
1973,10,1
1974,2,0
1975,4,0
1976,5,0
1977,3,0
1978,3,0
1979,10,1
1980,3,0
1981,10,1
1982,10,1
1983,3,0
1984,10,1
1985,10,1
1986,10,1
1987,10,1
1988,10,1
1989,7,0
1990,10,1
1991,10,1
1992,8,0
1993,2,0
1994,10,1
1995,7,0
1996,10,1
1997,5,0
1998,10,1
1999,10,1
2000,1,0
2001,6,0
2002,10,1
2003,10,1
2004,5,0
2005,10,1
2006,6,0
2007,1,0
2008,2,0
2009,4,0
2010,10,1
2011,10,1
2012,10,1
2013,10,1
2014,3,0
2015,8,0
2016,10,1
2017,10,1
2018,2,0
2019,10,1
2020,10,1
2021,6,0
2022,10,1
2023,10,1
2024,4,0
2025,2,0
2026,10,1
2027,10,1
2028,2,0
2029,10,1
2030,10,1
2031,3,0
2032,10,1
2033,10,1
2034,10,1
2035,10,1
2036,4,0
2037,10,1
2038,10,1
2039,4,0
2040,10,1
2041,10,1
2042,4,0
2043,10,1
2044,3,0
2045,10,1
2046,10,1
2047,10,1
2048,10,1
2049,3,0
2050,6,0
2051,5,0
2052,10,1
2053,3,0
2054,10,1
2055,10,1
2056,3,0
2057,1,0
2058,10,1
2059,10,1
2060,10,1
2061,10,1
2062,10,1
2063,10,1
2064,10,1
2065,10,1
2066,10,1
2067,10,1
2068,4,0
2069,7,0
2070,10,1
2071,2,0
2072,2,0
2073,2,0
2074,3,0
2075,5,0
2076,10,1
2077,10,1
2078,10,1
2079,10,1
2080,10,1
2081,1,0
2082,3,0
2083,8,0
2084,1,0
2085,10,1
2086,10,1
2087,2,0
2088,2,0
2089,3,0
2090,10,1
2091,10,1
2092,4,0
2093,10,1
2094,10,1
2095,10,1
2096,1,0
2097,10,1
2098,6,0
2099,1,0
2100,1,0
2101,6,0
2102,7,0
2103,10,1
2104,4,0
2105,10,1
2106,1,0
2107,4,0
2108,2,0
2109,10,1
2110,4,0
2111,2,0
2112,10,1
2113,5,0
2114,10,1
2115,1,0
2116,10,1
2117,1,0
2118,1,0
2119,2,0
2120,8,0
2121,1,0
2122,10,1
2123,6,0
2124,4,0
2125,10,1
2126,10,1
2127,2,0
2128,6,0
2129,1,0
2130,2,0
2131,5,0
2132,2,0
2133,10,1
2134,1,0
2135,1,0
2136,10,1
2137,10,1
2138,4,0
2139,5,0
2140,10,1
2141,2,0
2142,5,0
2143,10,1
2144,4,0
2145,10,1
2146,6,0
2147,4,0
2148,9,0
2149,1,0
2150,2,0
2151,10,1
2152,10,1
2153,10,1
2154,1,0
2155,10,1
2156,1,0
2157,10,1
2158,10,1
2159,10,1
2160,10,1
2161,5,0
2162,4,0
2163,2,0
2164,7,0
2165,3,0
2166,10,1
2167,10,1
2168,7,0
2169,1,0
2170,3,0
2171,3,0
2172,10,1
2173,9,0
2174,4,0
2175,8,0
2176,8,0
2177,6,0
2178,8,0
2179,2,0
2180,1,0
2181,1,0
2182,8,0
2183,4,0
2184,10,1
2185,6,0
2186,10,1
2187,10,1
2188,8,0
2189,1,0
2190,10,1
2191,6,0
2192,10,1
2193,3,0
2194,10,1
2195,10,1
2196,2,0
2197,2,0
2198,10,1
2199,2,0
2200,1,0
2201,8,0
2202,10,1
2203,10,1
2204,2,0
2205,2,0
2206,10,1
2207,3,0
2208,5,0
2209,10,1
2210,1,0
2211,3,0
2212,2,0
2213,1,0
2214,5,0
2215,3,0
2216,1,0
2217,2,0
2218,8,0
2219,8,0
2220,5,0
2221,10,1
2222,10,1
2223,10,1
2224,8,0
2225,5,0
2226,5,0
2227,1,0
2228,5,0
2229,10,1
2230,2,0
2231,6,0
2232,5,0
2233,2,0
2234,2,0
2235,10,1
2236,9,0
2237,10,1
2238,5,0
2239,2,0
2240,1,0
2241,1,0
2242,3,0
2243,3,0
2244,1,0
2245,1,0
2246,8,0
2247,7,0
2248,10,1
2249,1,0
2250,1,0
2252,10,1
2253,3,0
2254,7,0
2255,10,1
2256,10,1
2257,8,0
2258,10,1
2260,10,1
2261,10,1
2262,1,0
2263,5,0
2264,1,0
2265,9,1
2266,6,0
2267,4,0
2268,6,0
2269,9,1
2270,9,1
2271,9,1
2272,9,1
2273,6,0
2274,5,0
2275,9,1
2276,4,0
2277,9,1
2278,3,0
2279,1,0
2280,9,1
2281,5,0
2282,2,0
2283,3,0
2284,9,1
2285,1,0
2286,3,0
2287,9,1
2288,9,1
2289,7,0
2290,1,0
2291,5,0
2292,2,0
2293,9,1
2294,5,0
2295,9,1
2296,9,1
2297,5,0
2298,2,0
2299,9,1
2300,9,1
2301,9,1
2302,4,0
2303,6,0
2304,2,0
2305,9,1
2306,9,1
2307,9,1
2308,9,1
2309,9,1
2310,9,1
2311,9,1
2312,1,0
2313,9,1
2314,3,0
2315,5,0
2316,2,0
2317,9,1
2318,3,0
2319,5,0
2320,1,0
2321,8,0
2322,8,0
2323,2,0
2324,9,1
2325,9,1
2326,7,0
2327,3,0
2328,1,0
2329,2,0
2330,9,1
2331,9,1
2332,5,0
2333,9,1
2334,9,1
2335,1,0
2336,3,0
2337,2,0
2338,1,0
2339,1,0
2340,3,0
2341,9,1
2342,9,1
2343,9,1
2344,9,1
2345,9,1
2346,5,0
2347,2,0
2348,6,0
2349,9,1
2350,4,0
2351,9,1
2352,3,0
2353,9,1
2354,9,1
2355,9,1
2356,5,0
2357,9,1
2358,8,0
2359,9,1
2360,9,1
2361,9,1
2362,9,1
2363,9,1
2364,9,1
2365,9,1
2366,9,1
2367,1,0
2368,9,1
2369,7,0
2370,9,1
2371,3,0
2372,8,0
2373,1,0
2374,9,1
2375,9,1
2376,8,0
2377,2,0
2378,2,0
2379,5,0
2380,9,1
2381,2,0
2382,4,0
2383,9,1
2384,9,1
2385,2,0
2386,9,1
2388,9,1
2389,9,1
2390,2,0
2391,4,0
2392,9,1
2393,1,0
2394,9,1
2395,9,1
2396,9,1
2397,3,0
2398,9,1
2399,9,1
2400,3,0
2401,2,0
2402,9,1
2403,9,1
2404,8,0
2405,9,1
2406,5,0
2407,3,0
2408,9,1
2409,2,0
2410,9,1
2411,1,0
2412,7,0
2413,9,1
2414,1,0
2415,9,1
2416,9,1
2417,9,1
2418,7,0
2419,1,0
2420,1,0
2421,9,1
2422,3,0
2423,9,1
2424,4,0
2425,9,1
2426,9,1
2427,9,1
2428,9,1
2429,6,0
2430,1,0
2431,8,0
2432,7,0
2433,4,0
2434,2,0
2435,5,0
2436,9,1
2437,9,1
2438,9,1
2439,5,0
2440,9,1
2441,2,0
2442,2,0
2443,3,0
2444,3,0
2445,9,1
2446,9,1
2447,4,0
2448,2,0
2449,9,1
2450,9,1
2451,9,1
2452,2,0
2453,4,0
2454,9,1
2455,1,0
2456,3,0
2457,8,0
2458,9,1
2459,5,0
2460,4,0
2461,4,0
2462,9,1
2463,5,0
2464,9,1
2465,9,1
2466,9,1
2467,5,0
2468,9,1
2469,9,1
2470,3,0
2471,9,1
2472,9,1
2473,9,1
2474,9,1
2475,3,0
2476,1,0
2477,9,1
2478,9,1
2479,1,0
2480,2,0
2481,1,0
2482,9,1
2483,9,1
2484,9,1
2485,3,0
2486,9,1
2487,9,1
2489,5,0
2490,9,1
2491,3,0
2492,9,1
2493,3,0
2494,4,0
2495,5,0
2496,9,1
2497,2,0
2498,9,1
2499,1,0
2500,9,1
2501,3,0
2502,1,0
2503,4,0
2504,6,0
2505,2,0
2506,9,1
2507,9,1
2508,4,0
2509,9,1
2510,2,0
2511,1,0
2512,1,0
2513,9,1
2514,9,1
2515,2,0
2516,9,1
2517,9,1
2518,6,0
2519,9,1
2520,5,0
2521,9,1
2522,9,1
2523,4,0
2525,9,1
2526,9,1
2527,1,0
2528,3,0
2529,4,0
2530,9,1
2531,3,0
2532,9,1
2533,9,1
2534,4,0
2535,2,0
2536,9,1
2537,1,0
2538,9,1
2539,4,0
2540,9,1
2541,2,0
2542,3,0
2543,9,1
2544,9,1
2545,3,0
2546,9,1
2547,9,1
2548,2,0
2549,3,0
2550,9,1
2551,6,0
2552,7,0
2553,5,0
2554,1,0
2555,9,1
2556,9,1
2557,4,0
2558,7,0
2559,9,1
2560,6,0
2561,6,0
2562,9,1
2563,9,1
2564,9,1
2565,4,0
2566,9,1
2567,2,0
2568,9,1
2569,3,0
2570,5,0
2571,5,0
2572,9,1
2573,3,0
2574,9,1
2575,2,0
2576,9,1
2577,6,0
2578,9,1
2579,6,0
2580,9,1
2581,9,1
2582,9,1
2583,6,0
2584,4,0
2585,2,0
2587,1,0
2588,9,1
2589,6,0
2590,6,0
2591,9,1
2592,9,1
2593,9,1
2594,5,0
2595,2,0
2596,9,1
2597,2,0
2598,9,1
2599,4,0
2600,3,0
2601,7,0
2602,9,1
2603,3,0
2604,9,1
2605,9,1
2606,9,1
2607,4,0
2608,9,1
2609,1,0
2611,9,1
2612,9,1
2613,2,0
2614,1,0
2615,1,0
2616,6,0
2617,9,1
2618,9,1
2619,9,1
2620,9,1
2621,3,0
2622,9,1
2623,3,0
2624,2,0
2625,2,0
2626,1,0
2627,7,0
2628,5,0
2629,9,1
2630,9,1
2631,3,0
2632,4,0
2633,9,1
2634,9,1
2635,9,1
2636,3,0
2637,2,0
2638,9,1
2639,9,1
2640,9,1
2641,9,1
2642,9,1
2643,9,1
2644,5,0
2645,9,1
2646,1,0
2647,6,0
2648,2,0
2649,9,1
2650,3,0
2651,9,1
2652,7,0
2653,9,1
2654,3,0
2655,1,0
2656,9,1
2657,2,0
2658,9,1
2659,4,0
2660,9,1
2661,1,0
2662,9,1
2663,1,0
2664,2,0
2665,3,0
2666,3,0
2667,4,0
2668,3,0
2669,2,0
2670,1,0
2671,9,1
2672,8,0
2673,9,1
2674,5,0
2675,9,1
2676,9,1
2677,1,0
2678,8,0
2679,5,0
2680,9,1
2681,9,1
2682,9,1
2683,1,0
2684,2,0
2685,6,0
2686,2,0
2687,4,0
2688,1,0
2689,9,1
2690,9,1
2691,9,1
2692,4,0
2693,2,0
2694,1,0
2695,2,0
2696,3,0
2697,1,0
2698,4,0
2699,9,1
2700,9,1
2701,9,1
2702,9,1
2703,6,0
2704,9,1
2705,9,1
2706,6,0
2707,6,0
2708,1,0
2709,4,0
2710,9,1
2711,9,1
2712,8,0
2713,9,1
2714,2,0
2716,9,1
2717,9,1
2718,2,0
2719,9,1
2720,9,1
2721,2,0
2722,1,0
2723,4,0
2724,5,0
2725,9,1
2726,9,1
2727,7,0
2728,7,0
2729,6,0
2730,9,1
2731,2,0
2732,2,0
2733,9,1
2734,9,1
2735,2,0
2736,9,1
2737,6,0
2738,9,1
2739,1,0
2740,9,1
2741,1,0
2742,4,0
2743,9,1
2744,3,0
2745,9,1
2746,9,1
2747,9,1
2748,9,1
2749,2,0
2750,2,0
2751,2,0
2752,9,1
2753,5,0
2754,9,1
2755,9,1
2756,9,1
2757,9,1
2758,9,1
2759,9,1
2760,9,1
2761,9,1
2762,9,1
2763,3,0
2764,9,1
2765,9,1
2766,1,0
2767,1,0
2768,7,0
2769,1,0
2770,9,1
2771,6,0
2772,7,0
2773,5,0
2774,9,1
2775,7,0
2776,9,1
2777,9,1
2778,8,0
2779,7,0
2780,7,0
2781,9,1
2782,9,1
2783,6,0
2784,9,1
2785,9,1
2786,9,1
2787,9,1
2788,7,0
2789,9,1
2790,7,0
2791,3,0
2792,6,0
2793,9,1
2794,9,1
2795,6,0
2796,3,0
2797,3,0
2798,3,0
2799,2,0
2800,3,0
2801,5,0
2802,9,1
2803,5,0
2804,3,0
2805,9,1
2806,8,0
2807,4,0
2808,9,1
2809,9,1
2810,8,1
2811,4,0
2812,8,1
2813,8,1
2814,8,1
2815,8,1
2816,8,1
2818,8,1
2819,3,0
2820,4,0
2821,1,0
2822,2,0
2823,8,1
2824,1,0
2825,1,0
2826,2,0
2827,5,0
2828,4,0
2829,3,0
2830,8,1
2831,1,0
2832,1,0
2833,8,1
2834,3,0
2835,8,1
2836,2,0
2837,1,0
2838,1,0
2839,4,0
2840,8,1
2841,6,0
2842,5,0
2843,1,0
2844,8,1
2845,8,1
2846,3,0
2847,1,0
2848,8,1
2849,4,0
2850,2,0
2851,3,0
2852,6,0
2853,8,1
2854,8,1
2855,1,0
2856,7,0
2857,8,1
2858,4,0
2859,8,1
2860,2,0
2861,8,1
2862,8,1
2863,8,1
2864,8,1
2865,2,0
2866,8,1
2867,8,1
2868,8,1
2869,4,0
2870,8,1
2871,3,0
2872,8,1
2873,8,1
2874,8,1
2875,8,1
2876,1,0
2877,8,1
2878,1,0
2879,8,1
2880,1,0
2881,2,0
2882,8,1
2883,7,0
2884,8,1
2885,8,1
2886,6,0
2887,2,0
2888,6,0
2889,8,1
2890,8,1
2891,6,0
2892,8,1
2893,2,0
2894,8,1
2895,1,0
2896,4,0
2897,8,1
2898,2,0
2899,3,0
2900,8,1
2901,3,0
2902,8,1
2903,3,0
2904,8,1
2905,8,1
2906,3,0
2907,8,1
2908,8,1
2909,2,0
2910,8,1
2911,2,0
2912,3,0
2913,4,0
2914,4,0
2915,2,0
2916,1,0
2917,8,1
2918,2,0
2919,8,1
2920,5,0
2921,4,0
2922,2,0
2923,8,1
2924,8,1
2925,8,1
2926,8,1
2927,8,1
2928,8,1
2929,1,0
2930,1,0
2931,1,0
2932,1,0
2933,4,0
2934,4,0
2935,8,1
2936,6,0
2937,3,0
2938,4,0
2939,3,0
2940,8,1
2941,8,1
2942,1,0
2943,8,1
2944,4,0
2945,2,0
2946,8,1
2947,4,0
2948,3,0
2949,8,1
2950,4,0
2951,4,0
2952,7,0
2953,8,1
2954,5,0
2955,8,1
2956,4,0
2957,4,0
2958,2,0
2959,1,0
2960,8,1
2961,8,1
2962,8,1
2963,8,1
2964,1,0
2965,8,1
2966,8,1
2967,4,0
2968,8,1
2969,8,1
2970,2,0
2971,1,0
2972,4,0
2973,3,0
2974,8,1
2975,8,1
2976,8,1
2977,8,1
2978,8,1
2979,1,0
2980,2,0
2981,3,0
2982,8,1
2983,1,0
2984,1,0
2985,7,0
2986,2,0
2987,5,0
2988,8,1
2989,3,0
2990,1,0
2991,8,1
2992,8,1
2993,8,1
2994,4,0
2995,3,0
2996,5,0
2997,8,1
2998,2,0
2999,8,1
3000,8,1
3001,1,0
3002,5,0
3003,8,1
3004,5,0
3005,8,1
3006,2,0
3007,1,0
3008,8,1
3009,8,1
3010,8,1
3011,8,1
3012,3,0
3013,8,1
3014,8,1
3015,8,1
3016,8,1
3017,8,1
3018,1,0
3019,8,1
3020,8,1
3021,2,0
3022,3,0
3023,8,1
3024,2,0
3025,8,1
3026,7,0
3027,8,1
3028,8,1
3029,8,1
3030,8,1
3031,2,0
3032,8,1
3033,8,1
3034,2,0
3035,8,1
3036,8,1
3037,5,0
3038,4,0
3039,8,1
3040,8,1
3041,2,0
3042,8,1
3043,8,1
3044,8,1
3045,3,0
3046,4,0
3047,6,0
3048,8,1
3049,6,0
3050,1,0
3051,5,0
3052,8,1
3053,8,1
3054,8,1
3055,8,1
3056,1,0
3057,4,0
3058,5,0
3059,1,0
3060,1,0
3061,4,0
3062,8,1
3063,8,1
3064,8,1
3065,8,1
3066,8,1
3067,8,1
3068,1,0
3069,7,0
3071,1,0
3072,6,0
3073,6,0
3074,8,1
3075,2,0
3076,8,1
3077,8,1
3078,7,0
3079,2,0
3080,8,1
3081,8,1
3082,3,0
3083,8,1
3084,3,0
3085,8,1
3086,5,0
3087,8,1
3088,5,0
3089,8,1
3090,7,0
3091,3,0
3092,8,1
3093,3,0
3094,5,0
3095,8,1
3096,3,0
3097,8,1
3098,8,1
3099,7,0
3100,4,0
3101,1,0
3102,8,1
3103,4,0
3104,2,0
3105,8,1
3106,8,1
3107,8,1
3108,8,1
3110,5,0
3111,2,0
3112,4,0
3113,8,1
3114,8,1
3115,8,1
3116,3,0
3117,3,0
3118,5,0
3119,3,0
3120,8,1
3121,8,1
3122,8,1
3123,8,1
3124,5,0
3125,5,0
3126,1,0
3127,8,1
3128,1,0
3129,6,0
3130,1,0
3131,1,0
3132,8,1
3133,8,1
3134,2,0
3135,8,1
3136,5,0
3137,8,1
3138,8,1
3139,8,1
3140,8,1
3141,5,0
3142,8,1
3143,8,1
3144,2,0
3145,8,1
3146,1,0
3147,8,1
3148,3,0
3149,4,0
3150,2,0
3151,6,0
3152,8,1
3153,8,1
3154,5,0
3155,3,0
3156,7,0
3157,8,1
3158,8,1
3159,8,1
3160,8,1
3161,8,1
3162,2,0
3163,8,1
3164,8,1
3165,5,0
3166,5,0
3167,8,1
3168,5,0
3169,1,0
3170,1,0
3171,8,1
3172,4,0
3173,3,0
3174,5,0
3175,8,1
3176,8,1
3177,8,1
3178,3,0
3179,8,1
3180,8,1
3181,8,1
3182,1,0
3183,1,0
3184,6,0
3185,8,1
3186,2,0
3187,8,1
3188,8,1
3189,8,1
3190,4,0
3191,8,1
3192,8,1
3193,7,0
3194,8,1
3195,1,0
3196,8,1
3197,3,0
3198,6,0
3199,8,1
3201,8,1
3202,8,1
3203,8,1
3204,8,1
3205,4,0
3206,8,1
3207,8,1
3208,8,1
3209,8,1
3210,8,1
3211,8,1
3212,8,1
3213,8,1
3214,8,1
3215,8,1
3216,8,1
3217,4,0
3218,8,1
3219,1,0
3220,8,1
3221,8,1
3222,8,1
3223,8,1
3224,8,1
3225,3,0
3226,8,1
3227,8,1
3228,2,0
3229,8,1
3230,2,0
3231,8,1
3232,5,0
3233,4,0
3234,8,1
3235,3,0
3236,8,1
3237,2,0
3238,8,1
3239,2,0
3240,7,0
3241,1,0
3242,8,1
3243,8,1
3244,1,0
3245,7,0
3246,3,0
3247,4,0
3248,7,0
3249,8,1
3250,3,0
3251,8,1
3252,3,0
3253,2,0
3254,1,0
3255,8,1
3256,3,0
3257,7,0
3258,2,0
3259,8,1
3260,8,1
3261,1,0
3262,4,0
3263,8,1
3264,8,1
3265,8,1
3266,4,0
3267,8,1
3268,8,1
3269,8,1
3270,8,1
3271,8,1
3272,4,0
3273,8,1
3274,8,1
3275,3,0
3276,8,1
3277,2,0
3278,8,1
3279,8,1
3280,2,0
3281,4,0
3282,7,0
3283,1,0
3284,1,0
3285,1,0
3286,3,0
3287,4,0
3288,1,0
3289,3,0
3290,7,0
3291,8,1
3292,8,1
3293,8,1
3294,8,1
3295,1,0
3296,8,1
3299,8,1
3300,5,0
3301,8,1
3302,1,0
3303,8,1
3304,8,1
3305,8,1
3306,8,1
3307,8,1
3308,8,1
3309,8,1
3310,5,0
3311,8,1
3312,8,1
3313,2,0
3314,8,1
3315,6,0
3316,8,1
3317,8,1
3318,7,0
3319,8,1
3320,8,1
3321,6,0
3322,8,1
3323,8,1
3324,5,0
3325,8,1
3326,1,0
3327,7,0
3328,8,1
3329,8,1
3330,8,1
3331,8,1
3332,8,1
3333,8,1
3334,1,0
3335,8,1
3336,3,0
3337,4,0
3338,8,1
3339,8,1
3340,8,1
3341,8,1
3342,8,1
3343,8,1
3344,4,0
3345,3,0
3346,4,0
3347,3,0
3348,1,0
3349,6,0
3350,8,1
3351,4,0
3352,1,0
3353,2,0
3354,4,0
3355,8,1
3356,1,0
3357,2,0
3358,6,0
3359,8,1
3360,6,0
3361,8,1
3362,8,1
3363,8,1
3364,5,0
3365,3,0
3366,8,1
3367,3,0
3368,2,0
3369,8,1
3370,8,1
3371,8,1
3372,8,1
3373,4,0
3374,8,1
3375,8,1
3376,2,0
3377,8,1
3378,1,0
3379,2,0
3380,8,1
3381,3,0
3382,6,0
3383,3,0
3384,6,0
3385,5,0
3386,3,0
3387,1,0
3388,8,1
3389,6,0
3390,1,0
3391,2,0
3392,8,1
3393,8,1
3394,4,0
3395,8,1
3396,8,1
3397,8,1
3398,8,1
3399,3,0
3400,8,1
3401,8,1
3402,7,0
3403,8,1
3404,2,0
3405,8,1
3406,8,1
3407,1,0
3408,2,0
3409,8,1
3410,2,0
3411,8,1
3412,3,0
3413,5,0
3414,8,1
3415,3,0
3416,5,0
3417,8,1
3418,3,0
3419,8,1
3420,8,1
3421,8,1
3422,6,0
3423,2,0
3424,8,1
3425,7,1
3426,4,0
3427,7,1
3428,7,1
3429,7,1
3430,3,0
3431,4,0
3432,2,0
3433,7,1
3434,1,0
3435,7,1
3436,7,1
3437,1,0
3438,2,0
3439,7,1
3440,7,1
3441,2,0
3442,7,1
3443,6,0
3444,3,0
3445,1,0
3446,2,0
3447,7,1
3448,4,0
3449,5,0
3450,2,0
3451,1,0
3452,7,1
3453,4,0
3454,2,0
3455,7,1
3456,7,1
3457,2,0
3458,7,1
3459,3,0
3460,4,0
3461,2,0
3462,7,1
3463,7,1
3464,3,0
3465,7,1
3466,7,1
3467,7,1
3468,7,1
3469,4,0
3470,1,0
3471,1,0
3472,1,0
3473,7,1
3474,3,0
3475,2,0
3476,1,0
3477,2,0
3478,7,1
3479,3,0
3480,4,0
3481,3,0
3482,3,0
3483,1,0
3484,6,0
3485,2,0
3486,2,0
3487,2,0
3488,7,1
3489,1,0
3490,3,0
3491,3,0
3492,7,1
3493,7,1
3494,2,0
3495,7,1
3496,1,0
3497,7,1
3498,7,1
3499,1,0
3500,7,1
3501,7,1
3502,1,0
3503,7,1
3504,7,1
3505,7,1
3506,7,1
3507,7,1
3508,2,0
3509,7,1
3510,7,1
3511,2,0
3512,2,0
3513,4,0
3514,7,1
3515,3,0
3516,7,1
3517,3,0
3518,4,0
3519,1,0
3520,2,0
3521,7,1
3522,7,1
3523,6,0
3524,7,1
3525,4,0
3526,1,0
3527,1,0
3528,7,1
3529,3,0
3530,4,0
3531,1,0
3532,1,0
3533,1,0
3534,7,1
3535,7,1
3536,2,0
3537,2,0
3538,6,0
3539,7,1
3540,7,1
3541,7,1
3542,7,1
3543,7,1
3544,1,0
3545,7,1
3546,3,0
3547,7,1
3548,6,0
3549,6,0
3550,6,0
3551,7,1
3552,7,1
3553,2,0
3554,7,1
3555,7,1
3556,7,1
3557,2,0
3558,7,1
3559,4,0
3560,7,1
3561,7,1
3562,5,0
3563,3,0
3564,7,1
3565,3,0
3566,1,0
3567,7,1
3568,7,1
3569,3,0
3570,7,1
3571,6,0
3572,7,1
3573,4,0
3574,1,0
3575,1,0
3576,7,1
3577,7,1
3578,7,1
3579,7,1
3580,7,1
3581,7,1
3582,7,1
3583,2,0
3584,3,0
3585,1,0
3586,1,0
3587,7,1
3588,7,1
3589,7,1
3590,7,1
3591,4,0
3592,7,1
3593,2,0
3594,5,0
3595,7,1
3596,4,0
3597,3,0
3598,7,1
3599,7,1
3600,7,1
3601,7,1
3602,7,1
3603,4,0
3604,3,0
3605,7,1
3606,1,0
3607,1,0
3608,7,1
3609,2,0
3610,7,1
3611,2,0
3612,7,1
3613,7,1
3614,4,0
3615,7,1
3616,7,1
3617,3,0
3618,4,0
3619,7,1
3620,3,0
3621,7,1
3622,3,0
3623,6,0
3624,7,1
3625,2,0
3626,1,0
3627,7,1
3628,7,1
3629,7,1
3630,7,1
3631,7,1
3632,3,0
3633,7,1
3634,7,1
3635,7,1
3636,7,1
3637,2,0
3638,7,1
3639,6,0
3640,7,1
3641,3,0
3642,7,1
3643,7,1
3644,3,0
3645,6,0
3646,1,0
3647,7,1
3648,7,1
3649,1,0
3650,7,1
3651,7,1
3652,1,0
3653,7,1
3654,7,1
3655,7,1
3656,6,0
3657,2,0
3658,1,0
3659,7,1
3660,7,1
3661,7,1
3662,3,0
3663,7,1
3664,7,1
3665,1,0
3666,2,0
3667,7,1
3668,4,0
3669,7,1
3670,7,1
3671,3,0
3672,5,0
3673,1,0
3674,1,0
3675,1,0
3676,7,1
3677,7,1
3678,7,1
3679,7,1
3680,7,1
3681,1,0
3682,1,0
3683,6,0
3684,7,1
3685,7,1
3686,1,0
3687,7,1
3688,7,1
3689,4,0
3690,7,1
3691,7,1
3692,7,1
3693,7,1
3694,7,1
3695,7,1
3696,7,1
3697,3,0
3698,7,1
3699,7,1
3700,7,1
3701,7,1
3702,7,1
3703,7,1
3704,7,1
3705,4,0
3706,7,1
3707,7,1
3708,7,1
3709,3,0
3710,1,0
3711,6,0
3712,5,0
3713,4,0
3714,7,1
3715,4,0
3716,4,0
3717,7,1
3718,4,0
3719,7,1
3720,4,0
3721,7,1
3722,4,0
3723,6,0
3724,7,1
3725,5,0
3726,4,0
3727,2,0
3728,6,0
3729,7,1
3730,1,0
3731,7,1
3732,7,1
3733,7,1
3734,7,1
3735,7,1
3736,1,0
3737,5,0
3738,2,0
3740,7,1
3741,4,0
3742,3,0
3743,3,0
3744,7,1
3745,2,0
3746,7,1
3747,3,0
3748,7,1
3749,7,1
3750,7,1
3751,7,1
3752,7,1
3753,2,0
3754,4,0
3755,7,1
3756,7,1
3757,7,1
3758,2,0
3759,7,1
3760,7,1
3761,1,0
3762,7,1
3763,7,1
3764,4,0
3765,7,1
3766,7,1
3767,7,1
3768,1,0
3769,7,1
3770,7,1
3771,7,1
3772,7,1
3773,7,1
3774,7,1
3775,7,1
3776,7,1
3777,4,0
3778,7,1
3779,4,0
3780,4,0
3781,2,0
3782,7,1
3783,7,1
3784,7,1
3785,7,1
3786,2,0
3787,4,0
3788,7,1
3789,7,1
3790,1,0
3791,7,1
3792,3,0
3793,3,0
3794,7,1
3795,7,1
3796,7,1
3797,7,1
3798,7,1
3799,7,1
3800,7,1
3801,2,0
3802,2,0
3803,7,1
3804,1,0
3805,7,1
3806,3,0
3807,6,0
3808,7,1
3809,3,0
3810,3,0
3811,7,1
3812,7,1
3813,7,1
3814,7,1
3815,1,0
3816,7,1
3817,4,0
3818,7,1
3819,7,1
3820,1,0
3821,2,0
3822,7,1
3823,7,1
3824,2,0
3825,7,1
3826,7,1
3827,7,1
3828,7,1
3829,7,1
3830,7,1
3831,7,1
3832,7,1
3833,7,1
3834,7,1
3835,6,0
3836,7,1
3837,7,1
3838,7,1
3839,7,1
3840,7,1
3841,3,0
3842,1,0
3843,5,0
3844,7,1
3845,7,1
3846,7,1
3847,7,1
3848,7,1
3849,2,0
3850,1,0
3851,1,0
3852,7,1
3853,5,0
3854,1,0
3855,7,1
3857,7,1
3858,1,0
3859,7,1
3860,7,1
3861,7,1
3862,7,1
3863,2,0
3864,7,1
3865,3,0
3866,2,0
3867,7,1
3868,1,0
3869,7,1
3870,7,1
3871,2,0
3872,3,0
3873,7,1
3874,6,0
3875,6,0
3876,3,0
3877,2,0
3878,7,1
3879,7,1
3880,7,1
3881,5,0
3882,6,0
3883,7,1
3884,7,1
3885,6,0
3886,7,1
3887,7,1
3888,7,1
3889,2,0
3890,3,0
3891,7,1
3892,7,1
3894,7,1
3896,7,1
3897,7,1
3898,5,0
3899,4,0
3900,7,1
3901,7,1
3902,2,0
3903,7,1
3904,7,1
3905,5,0
3906,5,0
3907,5,0
3908,2,0
3909,7,1
3910,7,1
3911,5,0
3912,7,1
3913,7,1
3914,7,1
3915,5,0
3916,2,0
3917,4,0
3918,4,0
3919,4,0
3920,2,0
3921,3,0
3922,3,0
3923,6,0
3924,5,0
3925,4,0
3926,5,0
3927,7,1
3928,7,1
3929,7,1
3930,7,1
3931,2,0
3932,3,0
3933,4,0
3934,4,0
3935,4,0
3936,2,0
3937,3,0
3938,3,0
3939,2,0
3940,7,1
3941,3,0
3942,7,1
3943,5,0
3944,7,1
3945,5,0
3946,7,1
3947,7,1
3948,4,0
3949,6,0
3950,2,0
3951,3,0
3952,1,0
3953,5,0
3954,6,0
3955,2,0
3956,7,1
3957,2,0
3958,4,0
3959,1,0
3960,7,1
3961,5,0
3962,7,1
3963,2,0
3964,4,0
3965,7,1
3966,3,0
3967,3,0
3968,7,1
3969,3,0
3970,2,0
3971,1,0
3972,1,0
3973,5,0
